Ratio Engine edge case log - 1921 entries
============================================================
ABB 2012-12: revenue 5yr CAGR = INSUFFICIENT
ABB 2012-12: PAT 5yr CAGR = INSUFFICIENT
ABB 2012-12: EPS 5yr CAGR = INSUFFICIENT
ABB 2014-03: revenue 5yr CAGR = INSUFFICIENT
ABB 2014-03: PAT 5yr CAGR = INSUFFICIENT
ABB 2014-03: EPS 5yr CAGR = INSUFFICIENT
ABB 2015-03: revenue 5yr CAGR = INSUFFICIENT
ABB 2015-03: PAT 5yr CAGR = INSUFFICIENT
ABB 2015-03: EPS 5yr CAGR = INSUFFICIENT
ABB 2016-03: revenue 5yr CAGR = INSUFFICIENT
ABB 2016-03: PAT 5yr CAGR = INSUFFICIENT
ABB 2016-03: EPS 5yr CAGR = INSUFFICIENT
ABB 2017-03: revenue 5yr CAGR = INSUFFICIENT
ABB 2017-03: PAT 5yr CAGR = INSUFFICIENT
ABB 2017-03: EPS 5yr CAGR = INSUFFICIENT
ABB: computed ROCE 36.5% vs source 46.0% differ by >5% - data source issue
ADANIENSOL 2014-03: revenue 5yr CAGR = INSUFFICIENT
ADANIENSOL 2014-03: PAT 5yr CAGR = INSUFFICIENT
ADANIENSOL 2014-03: EPS 5yr CAGR = INSUFFICIENT
ADANIENSOL 2015-03: ICR < 1.5 - interest coverage risk flag
ADANIENSOL 2015-03: D/E > 5 (non-Financials) - high leverage flag
ADANIENSOL 2015-03: revenue 5yr CAGR = INSUFFICIENT
ADANIENSOL 2015-03: PAT 5yr CAGR = INSUFFICIENT
ADANIENSOL 2015-03: EPS 5yr CAGR = INSUFFICIENT
ADANIENSOL 2016-03: revenue 5yr CAGR = INSUFFICIENT
ADANIENSOL 2016-03: PAT 5yr CAGR = INSUFFICIENT
ADANIENSOL 2016-03: EPS 5yr CAGR = INSUFFICIENT
ADANIENSOL 2017-03: revenue 5yr CAGR = INSUFFICIENT
ADANIENSOL 2017-03: PAT 5yr CAGR = INSUFFICIENT
ADANIENSOL 2017-03: EPS 5yr CAGR = INSUFFICIENT
ADANIENSOL 2018-03: revenue 5yr CAGR = INSUFFICIENT
ADANIENSOL 2018-03: PAT 5yr CAGR = INSUFFICIENT
ADANIENSOL 2018-03: EPS 5yr CAGR = INSUFFICIENT
ADANIENSOL 2019-03: revenue 5yr CAGR = ZERO_BASE
ADANIENSOL 2019-03: PAT 5yr CAGR = ZERO_BASE
ADANIENSOL 2019-03: EPS 5yr CAGR = ZERO_BASE
ADANIENSOL 2020-03: PAT 5yr CAGR = TURNAROUND
ADANIENSOL 2020-03: EPS 5yr CAGR = ZERO_BASE
ADANIENSOL 2024-03: OPM mismatch (computed vs source > 1%) - formula discrepancy
ADANIENT 2013-03: revenue 5yr CAGR = INSUFFICIENT
ADANIENT 2013-03: PAT 5yr CAGR = INSUFFICIENT
ADANIENT 2013-03: EPS 5yr CAGR = INSUFFICIENT
ADANIENT 2014-03: revenue 5yr CAGR = INSUFFICIENT
ADANIENT 2014-03: PAT 5yr CAGR = INSUFFICIENT
ADANIENT 2014-03: EPS 5yr CAGR = INSUFFICIENT
ADANIENT 2015-03: revenue 5yr CAGR = INSUFFICIENT
ADANIENT 2015-03: PAT 5yr CAGR = INSUFFICIENT
ADANIENT 2015-03: EPS 5yr CAGR = INSUFFICIENT
ADANIENT 2016-03: revenue 5yr CAGR = INSUFFICIENT
ADANIENT 2016-03: PAT 5yr CAGR = INSUFFICIENT
ADANIENT 2016-03: EPS 5yr CAGR = INSUFFICIENT
ADANIENT 2017-03: revenue 5yr CAGR = INSUFFICIENT
ADANIENT 2017-03: PAT 5yr CAGR = INSUFFICIENT
ADANIENT 2017-03: EPS 5yr CAGR = INSUFFICIENT
ADANIENT: computed ROE 8.5% vs source 13.64% differ by >5% (source values can be stale/mis-scaled) - version difference
ADANIGREEN 2017-03: ICR < 1.5 - interest coverage risk flag
ADANIGREEN 2017-03: revenue 5yr CAGR = INSUFFICIENT
ADANIGREEN 2017-03: PAT 5yr CAGR = INSUFFICIENT
ADANIGREEN 2017-03: EPS 5yr CAGR = INSUFFICIENT
ADANIGREEN 2018-03: D/E > 5 (non-Financials) - high leverage flag
ADANIGREEN 2018-03: revenue 5yr CAGR = INSUFFICIENT
ADANIGREEN 2018-03: PAT 5yr CAGR = INSUFFICIENT
ADANIGREEN 2018-03: EPS 5yr CAGR = INSUFFICIENT
ADANIGREEN 2019-03: ICR < 1.5 - interest coverage risk flag
ADANIGREEN 2019-03: D/E > 5 (non-Financials) - high leverage flag
ADANIGREEN 2019-03: revenue 5yr CAGR = INSUFFICIENT
ADANIGREEN 2019-03: PAT 5yr CAGR = INSUFFICIENT
ADANIGREEN 2019-03: EPS 5yr CAGR = INSUFFICIENT
ADANIGREEN 2020-03: ICR < 1.5 - interest coverage risk flag
ADANIGREEN 2020-03: D/E > 5 (non-Financials) - high leverage flag
ADANIGREEN 2020-03: revenue 5yr CAGR = INSUFFICIENT
ADANIGREEN 2020-03: PAT 5yr CAGR = INSUFFICIENT
ADANIGREEN 2020-03: EPS 5yr CAGR = INSUFFICIENT
ADANIGREEN 2021-03: ICR < 1.5 - interest coverage risk flag
ADANIGREEN 2021-03: D/E > 5 (non-Financials) - high leverage flag
ADANIGREEN 2021-03: revenue 5yr CAGR = INSUFFICIENT
ADANIGREEN 2021-03: PAT 5yr CAGR = INSUFFICIENT
ADANIGREEN 2021-03: EPS 5yr CAGR = INSUFFICIENT
ADANIGREEN 2022-03: D/E > 5 (non-Financials) - high leverage flag
ADANIGREEN 2022-03: PAT 5yr CAGR = TURNAROUND
ADANIGREEN 2022-03: EPS 5yr CAGR = ZERO_BASE
ADANIGREEN 2023-03: D/E > 5 (non-Financials) - high leverage flag
ADANIGREEN 2023-03: PAT 5yr CAGR = TURNAROUND
ADANIGREEN 2023-03: EPS 5yr CAGR = TURNAROUND
ADANIGREEN 2024-03: D/E > 5 (non-Financials) - high leverage flag
ADANIGREEN 2024-03: PAT 5yr CAGR = TURNAROUND
ADANIGREEN 2024-03: EPS 5yr CAGR = TURNAROUND
ADANIGREEN: computed ROCE 7.2% vs source 96.5% differ by >5% - data source issue
ADANIPORTS 2013-03: revenue 5yr CAGR = INSUFFICIENT
ADANIPORTS 2013-03: PAT 5yr CAGR = INSUFFICIENT
ADANIPORTS 2013-03: EPS 5yr CAGR = INSUFFICIENT
ADANIPORTS 2014-03: revenue 5yr CAGR = INSUFFICIENT
ADANIPORTS 2014-03: PAT 5yr CAGR = INSUFFICIENT
ADANIPORTS 2014-03: EPS 5yr CAGR = INSUFFICIENT
ADANIPORTS 2015-03: revenue 5yr CAGR = INSUFFICIENT
ADANIPORTS 2015-03: PAT 5yr CAGR = INSUFFICIENT
ADANIPORTS 2015-03: EPS 5yr CAGR = INSUFFICIENT
ADANIPORTS 2016-03: revenue 5yr CAGR = INSUFFICIENT
ADANIPORTS 2016-03: PAT 5yr CAGR = INSUFFICIENT
ADANIPORTS 2016-03: EPS 5yr CAGR = INSUFFICIENT
ADANIPORTS 2017-03: revenue 5yr CAGR = INSUFFICIENT
ADANIPORTS 2017-03: PAT 5yr CAGR = INSUFFICIENT
ADANIPORTS 2017-03: EPS 5yr CAGR = INSUFFICIENT
ADANIPOWER 2013-03: ICR < 1.5 - interest coverage risk flag
ADANIPOWER 2013-03: D/E > 5 (non-Financials) - high leverage flag
ADANIPOWER 2013-03: revenue 5yr CAGR = INSUFFICIENT
ADANIPOWER 2013-03: PAT 5yr CAGR = INSUFFICIENT
ADANIPOWER 2013-03: EPS 5yr CAGR = INSUFFICIENT
ADANIPOWER 2014-03: ICR < 1.5 - interest coverage risk flag
ADANIPOWER 2014-03: D/E > 5 (non-Financials) - high leverage flag
ADANIPOWER 2014-03: revenue 5yr CAGR = INSUFFICIENT
ADANIPOWER 2014-03: PAT 5yr CAGR = INSUFFICIENT
ADANIPOWER 2014-03: EPS 5yr CAGR = INSUFFICIENT
ADANIPOWER 2015-03: ICR < 1.5 - interest coverage risk flag
ADANIPOWER 2015-03: D/E > 5 (non-Financials) - high leverage flag
ADANIPOWER 2015-03: revenue 5yr CAGR = INSUFFICIENT
ADANIPOWER 2015-03: PAT 5yr CAGR = INSUFFICIENT
ADANIPOWER 2015-03: EPS 5yr CAGR = INSUFFICIENT
ADANIPOWER 2016-03: D/E > 5 (non-Financials) - high leverage flag
ADANIPOWER 2016-03: revenue 5yr CAGR = INSUFFICIENT
ADANIPOWER 2016-03: PAT 5yr CAGR = INSUFFICIENT
ADANIPOWER 2016-03: EPS 5yr CAGR = INSUFFICIENT
ADANIPOWER 2017-03: ICR < 1.5 - interest coverage risk flag
ADANIPOWER 2017-03: D/E > 5 (non-Financials) - high leverage flag
ADANIPOWER 2017-03: revenue 5yr CAGR = INSUFFICIENT
ADANIPOWER 2017-03: PAT 5yr CAGR = INSUFFICIENT
ADANIPOWER 2017-03: EPS 5yr CAGR = INSUFFICIENT
ADANIPOWER 2018-03: ICR < 1.5 - interest coverage risk flag
ADANIPOWER 2018-03: D/E > 5 (non-Financials) - high leverage flag
ADANIPOWER 2018-03: PAT 5yr CAGR = BOTH_NEGATIVE
ADANIPOWER 2018-03: EPS 5yr CAGR = BOTH_NEGATIVE
ADANIPOWER 2019-03: ICR < 1.5 - interest coverage risk flag
ADANIPOWER 2019-03: D/E > 5 (non-Financials) - high leverage flag
ADANIPOWER 2019-03: PAT 5yr CAGR = BOTH_NEGATIVE
ADANIPOWER 2019-03: EPS 5yr CAGR = BOTH_NEGATIVE
ADANIPOWER 2020-03: ICR < 1.5 - interest coverage risk flag
ADANIPOWER 2020-03: D/E > 5 (non-Financials) - high leverage flag
ADANIPOWER 2020-03: PAT 5yr CAGR = BOTH_NEGATIVE
ADANIPOWER 2020-03: EPS 5yr CAGR = BOTH_NEGATIVE
ADANIPOWER 2022-03: PAT 5yr CAGR = TURNAROUND
ADANIPOWER 2022-03: EPS 5yr CAGR = TURNAROUND
ADANIPOWER 2023-03: PAT 5yr CAGR = TURNAROUND
ADANIPOWER 2023-03: EPS 5yr CAGR = TURNAROUND
ADANIPOWER 2024-03: PAT 5yr CAGR = TURNAROUND
ADANIPOWER 2024-03: EPS 5yr CAGR = TURNAROUND
ADANIPOWER: computed ROCE 18.4% vs source 32.2% differ by >5% - data source issue
ADANIPOWER: computed ROE 48.3% vs source 57.1% differ by >5% (source values can be stale/mis-scaled) - version difference
AMBUJACEM 2012-12: revenue 5yr CAGR = INSUFFICIENT
AMBUJACEM 2012-12: PAT 5yr CAGR = INSUFFICIENT
AMBUJACEM 2012-12: EPS 5yr CAGR = INSUFFICIENT
AMBUJACEM 2013-12: revenue 5yr CAGR = INSUFFICIENT
AMBUJACEM 2013-12: PAT 5yr CAGR = INSUFFICIENT
AMBUJACEM 2013-12: EPS 5yr CAGR = INSUFFICIENT
AMBUJACEM 2014-12: revenue 5yr CAGR = INSUFFICIENT
AMBUJACEM 2014-12: PAT 5yr CAGR = INSUFFICIENT
AMBUJACEM 2014-12: EPS 5yr CAGR = INSUFFICIENT
AMBUJACEM 2015-12: revenue 5yr CAGR = INSUFFICIENT
AMBUJACEM 2015-12: PAT 5yr CAGR = INSUFFICIENT
AMBUJACEM 2015-12: EPS 5yr CAGR = INSUFFICIENT
AMBUJACEM 2016-12: revenue 5yr CAGR = INSUFFICIENT
AMBUJACEM 2016-12: PAT 5yr CAGR = INSUFFICIENT
AMBUJACEM 2016-12: EPS 5yr CAGR = INSUFFICIENT
APOLLOHOSP 2013-03: revenue 5yr CAGR = INSUFFICIENT
APOLLOHOSP 2013-03: PAT 5yr CAGR = INSUFFICIENT
APOLLOHOSP 2013-03: EPS 5yr CAGR = INSUFFICIENT
APOLLOHOSP 2014-03: revenue 5yr CAGR = INSUFFICIENT
APOLLOHOSP 2014-03: PAT 5yr CAGR = INSUFFICIENT
APOLLOHOSP 2014-03: EPS 5yr CAGR = INSUFFICIENT
APOLLOHOSP 2015-03: revenue 5yr CAGR = INSUFFICIENT
APOLLOHOSP 2015-03: PAT 5yr CAGR = INSUFFICIENT
APOLLOHOSP 2015-03: EPS 5yr CAGR = INSUFFICIENT
APOLLOHOSP 2016-03: revenue 5yr CAGR = INSUFFICIENT
APOLLOHOSP 2016-03: PAT 5yr CAGR = INSUFFICIENT
APOLLOHOSP 2016-03: EPS 5yr CAGR = INSUFFICIENT
APOLLOHOSP 2017-03: revenue 5yr CAGR = INSUFFICIENT
APOLLOHOSP 2017-03: PAT 5yr CAGR = INSUFFICIENT
APOLLOHOSP 2017-03: EPS 5yr CAGR = INSUFFICIENT
ASIANPAINT 2013-03: revenue 5yr CAGR = INSUFFICIENT
ASIANPAINT 2013-03: PAT 5yr CAGR = INSUFFICIENT
ASIANPAINT 2013-03: EPS 5yr CAGR = INSUFFICIENT
ASIANPAINT 2014-03: revenue 5yr CAGR = INSUFFICIENT
ASIANPAINT 2014-03: PAT 5yr CAGR = INSUFFICIENT
ASIANPAINT 2014-03: EPS 5yr CAGR = INSUFFICIENT
ASIANPAINT 2015-03: revenue 5yr CAGR = INSUFFICIENT
ASIANPAINT 2015-03: PAT 5yr CAGR = INSUFFICIENT
ASIANPAINT 2015-03: EPS 5yr CAGR = INSUFFICIENT
ASIANPAINT 2016-03: revenue 5yr CAGR = INSUFFICIENT
ASIANPAINT 2016-03: PAT 5yr CAGR = INSUFFICIENT
ASIANPAINT 2016-03: EPS 5yr CAGR = INSUFFICIENT
ASIANPAINT 2017-03: revenue 5yr CAGR = INSUFFICIENT
ASIANPAINT 2017-03: PAT 5yr CAGR = INSUFFICIENT
ASIANPAINT 2017-03: EPS 5yr CAGR = INSUFFICIENT
ASIANPAINT: computed ROCE 31.8% vs source 41.75% differ by >5% - data source issue
ATGL 2018-03: revenue 5yr CAGR = INSUFFICIENT
ATGL 2018-03: PAT 5yr CAGR = INSUFFICIENT
ATGL 2018-03: EPS 5yr CAGR = INSUFFICIENT
ATGL 2019-03: revenue 5yr CAGR = INSUFFICIENT
ATGL 2019-03: PAT 5yr CAGR = INSUFFICIENT
ATGL 2019-03: EPS 5yr CAGR = INSUFFICIENT
ATGL 2020-03: revenue 5yr CAGR = INSUFFICIENT
ATGL 2020-03: PAT 5yr CAGR = INSUFFICIENT
ATGL 2020-03: EPS 5yr CAGR = INSUFFICIENT
ATGL 2021-03: revenue 5yr CAGR = INSUFFICIENT
ATGL 2021-03: PAT 5yr CAGR = INSUFFICIENT
ATGL 2021-03: EPS 5yr CAGR = INSUFFICIENT
ATGL 2022-03: revenue 5yr CAGR = INSUFFICIENT
ATGL 2022-03: PAT 5yr CAGR = INSUFFICIENT
ATGL 2022-03: EPS 5yr CAGR = INSUFFICIENT
BAJAJ-AUTO 2013-03: revenue 5yr CAGR = INSUFFICIENT
BAJAJ-AUTO 2013-03: PAT 5yr CAGR = INSUFFICIENT
BAJAJ-AUTO 2013-03: EPS 5yr CAGR = INSUFFICIENT
BAJAJ-AUTO 2014-03: revenue 5yr CAGR = INSUFFICIENT
BAJAJ-AUTO 2014-03: PAT 5yr CAGR = INSUFFICIENT
BAJAJ-AUTO 2014-03: EPS 5yr CAGR = INSUFFICIENT
BAJAJ-AUTO 2015-03: revenue 5yr CAGR = INSUFFICIENT
BAJAJ-AUTO 2015-03: PAT 5yr CAGR = INSUFFICIENT
BAJAJ-AUTO 2015-03: EPS 5yr CAGR = INSUFFICIENT
BAJAJ-AUTO 2016-03: revenue 5yr CAGR = INSUFFICIENT
BAJAJ-AUTO 2016-03: PAT 5yr CAGR = INSUFFICIENT
BAJAJ-AUTO 2016-03: EPS 5yr CAGR = INSUFFICIENT
BAJAJ-AUTO 2017-03: revenue 5yr CAGR = INSUFFICIENT
BAJAJ-AUTO 2017-03: PAT 5yr CAGR = INSUFFICIENT
BAJAJ-AUTO 2017-03: EPS 5yr CAGR = INSUFFICIENT
BAJAJ-AUTO: computed ROCE 27.2% vs source 33.5% differ by >5% - data source issue
AXISBANK 2013-03: OPM mismatch (computed vs source > 1%) - formula discrepancy
AXISBANK 2013-03: ICR < 1.5 - interest coverage risk flag
AXISBANK 2013-03: revenue 5yr CAGR = INSUFFICIENT
AXISBANK 2013-03: PAT 5yr CAGR = INSUFFICIENT
AXISBANK 2013-03: EPS 5yr CAGR = INSUFFICIENT
AXISBANK 2014-03: OPM mismatch (computed vs source > 1%) - formula discrepancy
AXISBANK 2014-03: ICR < 1.5 - interest coverage risk flag
AXISBANK 2014-03: revenue 5yr CAGR = INSUFFICIENT
AXISBANK 2014-03: PAT 5yr CAGR = INSUFFICIENT
AXISBANK 2014-03: EPS 5yr CAGR = INSUFFICIENT
AXISBANK 2015-03: OPM mismatch (computed vs source > 1%) - formula discrepancy
AXISBANK 2015-03: ICR < 1.5 - interest coverage risk flag
AXISBANK 2015-03: revenue 5yr CAGR = INSUFFICIENT
AXISBANK 2015-03: PAT 5yr CAGR = INSUFFICIENT
AXISBANK 2015-03: EPS 5yr CAGR = INSUFFICIENT
AXISBANK 2016-03: OPM mismatch (computed vs source > 1%) - formula discrepancy
AXISBANK 2016-03: ICR < 1.5 - interest coverage risk flag
AXISBANK 2016-03: revenue 5yr CAGR = INSUFFICIENT
AXISBANK 2016-03: PAT 5yr CAGR = INSUFFICIENT
AXISBANK 2016-03: EPS 5yr CAGR = INSUFFICIENT
AXISBANK 2017-03: OPM mismatch (computed vs source > 1%) - formula discrepancy
AXISBANK 2017-03: revenue 5yr CAGR = INSUFFICIENT
AXISBANK 2017-03: PAT 5yr CAGR = INSUFFICIENT
AXISBANK 2017-03: EPS 5yr CAGR = INSUFFICIENT
AXISBANK 2018-03: OPM mismatch (computed vs source > 1%) - formula discrepancy
AXISBANK 2019-03: OPM mismatch (computed vs source > 1%) - formula discrepancy
AXISBANK 2020-03: OPM mismatch (computed vs source > 1%) - formula discrepancy
AXISBANK 2021-03: OPM mismatch (computed vs source > 1%) - formula discrepancy
AXISBANK 2022-03: OPM mismatch (computed vs source > 1%) - formula discrepancy
AXISBANK 2023-03: OPM mismatch (computed vs source > 1%) - formula discrepancy
AXISBANK 2024-03: OPM mismatch (computed vs source > 1%) - formula discrepancy
BAJAJFINSV 2013-03: revenue 5yr CAGR = INSUFFICIENT
BAJAJFINSV 2013-03: PAT 5yr CAGR = INSUFFICIENT
BAJAJFINSV 2013-03: EPS 5yr CAGR = INSUFFICIENT
BAJAJFINSV 2014-03: revenue 5yr CAGR = INSUFFICIENT
BAJAJFINSV 2014-03: PAT 5yr CAGR = INSUFFICIENT
BAJAJFINSV 2014-03: EPS 5yr CAGR = INSUFFICIENT
BAJAJFINSV 2015-03: revenue 5yr CAGR = INSUFFICIENT
BAJAJFINSV 2015-03: PAT 5yr CAGR = INSUFFICIENT
BAJAJFINSV 2015-03: EPS 5yr CAGR = INSUFFICIENT
BAJAJFINSV 2016-03: revenue 5yr CAGR = INSUFFICIENT
BAJAJFINSV 2016-03: PAT 5yr CAGR = INSUFFICIENT
BAJAJFINSV 2016-03: EPS 5yr CAGR = INSUFFICIENT
BAJAJFINSV 2017-03: revenue 5yr CAGR = INSUFFICIENT
BAJAJFINSV 2017-03: PAT 5yr CAGR = INSUFFICIENT
BAJAJFINSV 2017-03: EPS 5yr CAGR = INSUFFICIENT
BAJAJFINSV: computed ROCE 11.4% vs source 21.14% differ by >5% - data source issue
BAJAJFINSV: computed ROE 25.9% vs source 11.72% differ by >5% (source values can be stale/mis-scaled) - version difference
BAJAJHLDNG 2013-03: revenue 5yr CAGR = INSUFFICIENT
BAJAJHLDNG 2013-03: PAT 5yr CAGR = INSUFFICIENT
BAJAJHLDNG 2013-03: EPS 5yr CAGR = INSUFFICIENT
BAJAJHLDNG 2014-03: revenue 5yr CAGR = INSUFFICIENT
BAJAJHLDNG 2014-03: PAT 5yr CAGR = INSUFFICIENT
BAJAJHLDNG 2014-03: EPS 5yr CAGR = INSUFFICIENT
BAJAJHLDNG 2015-03: revenue 5yr CAGR = INSUFFICIENT
BAJAJHLDNG 2015-03: PAT 5yr CAGR = INSUFFICIENT
BAJAJHLDNG 2015-03: EPS 5yr CAGR = INSUFFICIENT
BAJAJHLDNG 2016-03: revenue 5yr CAGR = INSUFFICIENT
BAJAJHLDNG 2016-03: PAT 5yr CAGR = INSUFFICIENT
BAJAJHLDNG 2016-03: EPS 5yr CAGR = INSUFFICIENT
BAJAJHLDNG 2017-03: revenue 5yr CAGR = INSUFFICIENT
BAJAJHLDNG 2017-03: PAT 5yr CAGR = INSUFFICIENT
BAJAJHLDNG 2017-03: EPS 5yr CAGR = INSUFFICIENT
BAJAJHLDNG: computed ROCE 2.8% vs source 13.1% differ by >5% - data source issue
BAJFINANCE 2015-03: OPM mismatch (computed vs source > 1%) - formula discrepancy
BAJFINANCE 2015-03: revenue 5yr CAGR = INSUFFICIENT
BAJFINANCE 2015-03: PAT 5yr CAGR = INSUFFICIENT
BAJFINANCE 2015-03: EPS 5yr CAGR = INSUFFICIENT
BAJFINANCE 2016-03: OPM mismatch (computed vs source > 1%) - formula discrepancy
BAJFINANCE 2016-03: revenue 5yr CAGR = INSUFFICIENT
BAJFINANCE 2016-03: PAT 5yr CAGR = INSUFFICIENT
BAJFINANCE 2016-03: EPS 5yr CAGR = INSUFFICIENT
BAJFINANCE 2017-03: OPM mismatch (computed vs source > 1%) - formula discrepancy
BAJFINANCE 2017-03: revenue 5yr CAGR = INSUFFICIENT
BAJFINANCE 2017-03: PAT 5yr CAGR = INSUFFICIENT
BAJFINANCE 2017-03: EPS 5yr CAGR = INSUFFICIENT
BAJFINANCE 2018-03: OPM mismatch (computed vs source > 1%) - formula discrepancy
BAJFINANCE 2018-03: revenue 5yr CAGR = INSUFFICIENT
BAJFINANCE 2018-03: PAT 5yr CAGR = INSUFFICIENT
BAJFINANCE 2018-03: EPS 5yr CAGR = INSUFFICIENT
BAJFINANCE 2019-03: OPM mismatch (computed vs source > 1%) - formula discrepancy
BAJFINANCE 2019-03: revenue 5yr CAGR = INSUFFICIENT
BAJFINANCE 2019-03: PAT 5yr CAGR = INSUFFICIENT
BAJFINANCE 2019-03: EPS 5yr CAGR = INSUFFICIENT
BAJFINANCE 2020-03: OPM mismatch (computed vs source > 1%) - formula discrepancy
BAJFINANCE 2021-03: OPM mismatch (computed vs source > 1%) - formula discrepancy
BAJFINANCE 2022-03: OPM mismatch (computed vs source > 1%) - formula discrepancy
BAJFINANCE 2022-03: ICR < 1.5 - interest coverage risk flag
BAJFINANCE 2023-03: OPM mismatch (computed vs source > 1%) - formula discrepancy
BAJFINANCE 2023-03: ICR < 1.5 - interest coverage risk flag
BAJFINANCE 2024-03: OPM mismatch (computed vs source > 1%) - formula discrepancy
BAJFINANCE: computed ROCE 4.2% vs source 11.9% differ by >5% - data source issue
BANKBARODA 2013-03: OPM mismatch (computed vs source > 1%) - formula discrepancy
BANKBARODA 2013-03: revenue 5yr CAGR = INSUFFICIENT
BANKBARODA 2013-03: PAT 5yr CAGR = INSUFFICIENT
BANKBARODA 2013-03: EPS 5yr CAGR = INSUFFICIENT
BANKBARODA 2014-03: OPM mismatch (computed vs source > 1%) - formula discrepancy
BANKBARODA 2014-03: revenue 5yr CAGR = INSUFFICIENT
BANKBARODA 2014-03: PAT 5yr CAGR = INSUFFICIENT
BANKBARODA 2014-03: EPS 5yr CAGR = INSUFFICIENT
BANKBARODA 2015-03: OPM mismatch (computed vs source > 1%) - formula discrepancy
BANKBARODA 2015-03: revenue 5yr CAGR = INSUFFICIENT
BANKBARODA 2015-03: PAT 5yr CAGR = INSUFFICIENT
BANKBARODA 2015-03: EPS 5yr CAGR = INSUFFICIENT
BANKBARODA 2016-03: OPM mismatch (computed vs source > 1%) - formula discrepancy
BANKBARODA 2016-03: revenue 5yr CAGR = INSUFFICIENT
BANKBARODA 2016-03: PAT 5yr CAGR = INSUFFICIENT
BANKBARODA 2016-03: EPS 5yr CAGR = INSUFFICIENT
BANKBARODA 2017-03: OPM mismatch (computed vs source > 1%) - formula discrepancy
BANKBARODA 2017-03: revenue 5yr CAGR = INSUFFICIENT
BANKBARODA 2017-03: PAT 5yr CAGR = INSUFFICIENT
BANKBARODA 2017-03: EPS 5yr CAGR = INSUFFICIENT
BANKBARODA 2018-03: OPM mismatch (computed vs source > 1%) - formula discrepancy
BANKBARODA 2018-03: PAT 5yr CAGR = DECLINE_TO_LOSS
BANKBARODA 2018-03: EPS 5yr CAGR = DECLINE_TO_LOSS
BANKBARODA 2019-03: OPM mismatch (computed vs source > 1%) - formula discrepancy
BANKBARODA 2020-03: OPM mismatch (computed vs source > 1%) - formula discrepancy
BANKBARODA 2021-03: OPM mismatch (computed vs source > 1%) - formula discrepancy
BANKBARODA 2021-03: PAT 5yr CAGR = TURNAROUND
BANKBARODA 2021-03: EPS 5yr CAGR = TURNAROUND
BANKBARODA 2022-03: OPM mismatch (computed vs source > 1%) - formula discrepancy
BANKBARODA 2023-03: OPM mismatch (computed vs source > 1%) - formula discrepancy
BANKBARODA 2023-03: PAT 5yr CAGR = TURNAROUND
BANKBARODA 2023-03: EPS 5yr CAGR = TURNAROUND
BANKBARODA 2024-03: OPM mismatch (computed vs source > 1%) - formula discrepancy
BHARTIARTL 2013-03: revenue 5yr CAGR = INSUFFICIENT
BHARTIARTL 2013-03: PAT 5yr CAGR = INSUFFICIENT
BHARTIARTL 2013-03: EPS 5yr CAGR = INSUFFICIENT
BHARTIARTL 2014-03: revenue 5yr CAGR = INSUFFICIENT
BHARTIARTL 2014-03: PAT 5yr CAGR = INSUFFICIENT
BHARTIARTL 2014-03: EPS 5yr CAGR = INSUFFICIENT
BHARTIARTL 2015-03: revenue 5yr CAGR = INSUFFICIENT
BHARTIARTL 2015-03: PAT 5yr CAGR = INSUFFICIENT
BHARTIARTL 2015-03: EPS 5yr CAGR = INSUFFICIENT
BHARTIARTL 2016-03: revenue 5yr CAGR = INSUFFICIENT
BHARTIARTL 2016-03: PAT 5yr CAGR = INSUFFICIENT
BHARTIARTL 2016-03: EPS 5yr CAGR = INSUFFICIENT
BHARTIARTL 2017-03: revenue 5yr CAGR = INSUFFICIENT
BHARTIARTL 2017-03: PAT 5yr CAGR = INSUFFICIENT
BHARTIARTL 2017-03: EPS 5yr CAGR = INSUFFICIENT
BHARTIARTL 2020-03: ICR < 1.5 - interest coverage risk flag
BHARTIARTL 2020-03: PAT 5yr CAGR = DECLINE_TO_LOSS
BHARTIARTL 2020-03: EPS 5yr CAGR = DECLINE_TO_LOSS
BHARTIARTL 2021-03: PAT 5yr CAGR = DECLINE_TO_LOSS
BHARTIARTL 2021-03: EPS 5yr CAGR = DECLINE_TO_LOSS
BEL 2013-03: revenue 5yr CAGR = INSUFFICIENT
BEL 2013-03: PAT 5yr CAGR = INSUFFICIENT
BEL 2013-03: EPS 5yr CAGR = INSUFFICIENT
BEL 2014-03: revenue 5yr CAGR = INSUFFICIENT
BEL 2014-03: PAT 5yr CAGR = INSUFFICIENT
BEL 2014-03: EPS 5yr CAGR = INSUFFICIENT
BEL 2015-03: revenue 5yr CAGR = INSUFFICIENT
BEL 2015-03: PAT 5yr CAGR = INSUFFICIENT
BEL 2015-03: EPS 5yr CAGR = INSUFFICIENT
BEL 2016-03: revenue 5yr CAGR = INSUFFICIENT
BEL 2016-03: PAT 5yr CAGR = INSUFFICIENT
BEL 2016-03: EPS 5yr CAGR = INSUFFICIENT
BEL 2017-03: revenue 5yr CAGR = INSUFFICIENT
BEL 2017-03: PAT 5yr CAGR = INSUFFICIENT
BEL 2017-03: EPS 5yr CAGR = INSUFFICIENT
BEL: computed ROCE 3628.3% vs source 34.6% differ by >5% - data source issue
BEL: computed ROE 4744.0% vs source 26.3% differ by >5% (source values can be stale/mis-scaled) - version difference
BHEL 2013-03: revenue 5yr CAGR = INSUFFICIENT
BHEL 2013-03: PAT 5yr CAGR = INSUFFICIENT
BHEL 2013-03: EPS 5yr CAGR = INSUFFICIENT
BHEL 2014-03: revenue 5yr CAGR = INSUFFICIENT
BHEL 2014-03: PAT 5yr CAGR = INSUFFICIENT
BHEL 2014-03: EPS 5yr CAGR = INSUFFICIENT
BHEL 2015-03: revenue 5yr CAGR = INSUFFICIENT
BHEL 2015-03: PAT 5yr CAGR = INSUFFICIENT
BHEL 2015-03: EPS 5yr CAGR = INSUFFICIENT
BHEL 2016-03: ICR < 1.5 - interest coverage risk flag
BHEL 2016-03: revenue 5yr CAGR = INSUFFICIENT
BHEL 2016-03: PAT 5yr CAGR = INSUFFICIENT
BHEL 2016-03: EPS 5yr CAGR = INSUFFICIENT
BHEL 2017-03: revenue 5yr CAGR = INSUFFICIENT
BHEL 2017-03: PAT 5yr CAGR = INSUFFICIENT
BHEL 2017-03: EPS 5yr CAGR = INSUFFICIENT
BHEL 2020-03: ICR < 1.5 - interest coverage risk flag
BHEL 2020-03: PAT 5yr CAGR = DECLINE_TO_LOSS
BHEL 2020-03: EPS 5yr CAGR = DECLINE_TO_LOSS
BHEL 2021-03: ICR < 1.5 - interest coverage risk flag
BHEL 2021-03: PAT 5yr CAGR = BOTH_NEGATIVE
BHEL 2021-03: EPS 5yr CAGR = BOTH_NEGATIVE
BOSCHLTD 2012-12: revenue 5yr CAGR = INSUFFICIENT
BOSCHLTD 2012-12: PAT 5yr CAGR = INSUFFICIENT
BOSCHLTD 2012-12: EPS 5yr CAGR = INSUFFICIENT
BOSCHLTD 2013-12: revenue 5yr CAGR = INSUFFICIENT
BOSCHLTD 2013-12: PAT 5yr CAGR = INSUFFICIENT
BOSCHLTD 2013-12: EPS 5yr CAGR = INSUFFICIENT
BOSCHLTD 2015-03: revenue 5yr CAGR = INSUFFICIENT
BOSCHLTD 2015-03: PAT 5yr CAGR = INSUFFICIENT
BOSCHLTD 2015-03: EPS 5yr CAGR = INSUFFICIENT
BOSCHLTD 2016-03: revenue 5yr CAGR = INSUFFICIENT
BOSCHLTD 2016-03: PAT 5yr CAGR = INSUFFICIENT
BOSCHLTD 2016-03: EPS 5yr CAGR = INSUFFICIENT
BOSCHLTD 2017-03: revenue 5yr CAGR = INSUFFICIENT
BOSCHLTD 2017-03: PAT 5yr CAGR = INSUFFICIENT
BOSCHLTD 2017-03: EPS 5yr CAGR = INSUFFICIENT
BOSCHLTD: computed ROCE 13.8% vs source 20.6% differ by >5% - data source issue
BPCL 2013-03: revenue 5yr CAGR = INSUFFICIENT
BPCL 2013-03: PAT 5yr CAGR = INSUFFICIENT
BPCL 2013-03: EPS 5yr CAGR = INSUFFICIENT
BPCL 2014-03: revenue 5yr CAGR = INSUFFICIENT
BPCL 2014-03: PAT 5yr CAGR = INSUFFICIENT
BPCL 2014-03: EPS 5yr CAGR = INSUFFICIENT
BPCL 2015-03: revenue 5yr CAGR = INSUFFICIENT
BPCL 2015-03: PAT 5yr CAGR = INSUFFICIENT
BPCL 2015-03: EPS 5yr CAGR = INSUFFICIENT
BPCL 2016-03: revenue 5yr CAGR = INSUFFICIENT
BPCL 2016-03: PAT 5yr CAGR = INSUFFICIENT
BPCL 2016-03: EPS 5yr CAGR = INSUFFICIENT
BPCL 2017-03: revenue 5yr CAGR = INSUFFICIENT
BPCL 2017-03: PAT 5yr CAGR = INSUFFICIENT
BPCL 2017-03: EPS 5yr CAGR = INSUFFICIENT
BPCL: computed ROE 35.5% vs source 41.9% differ by >5% (source values can be stale/mis-scaled) - version difference
BRITANNIA 2013-03: revenue 5yr CAGR = INSUFFICIENT
BRITANNIA 2013-03: PAT 5yr CAGR = INSUFFICIENT
BRITANNIA 2013-03: EPS 5yr CAGR = INSUFFICIENT
BRITANNIA 2014-03: revenue 5yr CAGR = INSUFFICIENT
BRITANNIA 2014-03: PAT 5yr CAGR = INSUFFICIENT
BRITANNIA 2014-03: EPS 5yr CAGR = INSUFFICIENT
BRITANNIA 2015-03: revenue 5yr CAGR = INSUFFICIENT
BRITANNIA 2015-03: PAT 5yr CAGR = INSUFFICIENT
BRITANNIA 2015-03: EPS 5yr CAGR = INSUFFICIENT
BRITANNIA 2016-03: revenue 5yr CAGR = INSUFFICIENT
BRITANNIA 2016-03: PAT 5yr CAGR = INSUFFICIENT
BRITANNIA 2016-03: EPS 5yr CAGR = INSUFFICIENT
BRITANNIA 2017-03: revenue 5yr CAGR = INSUFFICIENT
BRITANNIA 2017-03: PAT 5yr CAGR = INSUFFICIENT
BRITANNIA 2017-03: EPS 5yr CAGR = INSUFFICIENT
CANBK 2013-03: OPM mismatch (computed vs source > 1%) - formula discrepancy
CANBK 2013-03: revenue 5yr CAGR = INSUFFICIENT
CANBK 2013-03: PAT 5yr CAGR = INSUFFICIENT
CANBK 2013-03: EPS 5yr CAGR = INSUFFICIENT
CANBK 2014-03: OPM mismatch (computed vs source > 1%) - formula discrepancy
CANBK 2014-03: revenue 5yr CAGR = INSUFFICIENT
CANBK 2014-03: PAT 5yr CAGR = INSUFFICIENT
CANBK 2014-03: EPS 5yr CAGR = INSUFFICIENT
CANBK 2015-03: OPM mismatch (computed vs source > 1%) - formula discrepancy
CANBK 2015-03: revenue 5yr CAGR = INSUFFICIENT
CANBK 2015-03: PAT 5yr CAGR = INSUFFICIENT
CANBK 2015-03: EPS 5yr CAGR = INSUFFICIENT
CANBK 2016-03: OPM mismatch (computed vs source > 1%) - formula discrepancy
CANBK 2016-03: revenue 5yr CAGR = INSUFFICIENT
CANBK 2016-03: PAT 5yr CAGR = INSUFFICIENT
CANBK 2016-03: EPS 5yr CAGR = INSUFFICIENT
CANBK 2017-03: OPM mismatch (computed vs source > 1%) - formula discrepancy
CANBK 2017-03: revenue 5yr CAGR = INSUFFICIENT
CANBK 2017-03: PAT 5yr CAGR = INSUFFICIENT
CANBK 2017-03: EPS 5yr CAGR = INSUFFICIENT
CANBK 2018-03: OPM mismatch (computed vs source > 1%) - formula discrepancy
CANBK 2018-03: PAT 5yr CAGR = DECLINE_TO_LOSS
CANBK 2018-03: EPS 5yr CAGR = DECLINE_TO_LOSS
CANBK 2019-03: OPM mismatch (computed vs source > 1%) - formula discrepancy
CANBK 2020-03: OPM mismatch (computed vs source > 1%) - formula discrepancy
CANBK 2020-03: PAT 5yr CAGR = DECLINE_TO_LOSS
CANBK 2020-03: EPS 5yr CAGR = DECLINE_TO_LOSS
CANBK 2021-03: OPM mismatch (computed vs source > 1%) - formula discrepancy
CANBK 2021-03: PAT 5yr CAGR = TURNAROUND
CANBK 2021-03: EPS 5yr CAGR = TURNAROUND
CANBK 2022-03: OPM mismatch (computed vs source > 1%) - formula discrepancy
CANBK 2023-03: OPM mismatch (computed vs source > 1%) - formula discrepancy
CANBK 2023-03: PAT 5yr CAGR = TURNAROUND
CANBK 2023-03: EPS 5yr CAGR = TURNAROUND
CANBK 2024-03: OPM mismatch (computed vs source > 1%) - formula discrepancy
CHOLAFIN 2013-03: OPM mismatch (computed vs source > 1%) - formula discrepancy
CHOLAFIN 2013-03: revenue 5yr CAGR = INSUFFICIENT
CHOLAFIN 2013-03: PAT 5yr CAGR = INSUFFICIENT
CHOLAFIN 2013-03: EPS 5yr CAGR = INSUFFICIENT
CHOLAFIN 2014-03: OPM mismatch (computed vs source > 1%) - formula discrepancy
CHOLAFIN 2014-03: revenue 5yr CAGR = INSUFFICIENT
CHOLAFIN 2014-03: PAT 5yr CAGR = INSUFFICIENT
CHOLAFIN 2014-03: EPS 5yr CAGR = INSUFFICIENT
CHOLAFIN 2015-03: OPM mismatch (computed vs source > 1%) - formula discrepancy
CHOLAFIN 2015-03: revenue 5yr CAGR = INSUFFICIENT
CHOLAFIN 2015-03: PAT 5yr CAGR = INSUFFICIENT
CHOLAFIN 2015-03: EPS 5yr CAGR = INSUFFICIENT
CHOLAFIN 2016-03: OPM mismatch (computed vs source > 1%) - formula discrepancy
CHOLAFIN 2016-03: revenue 5yr CAGR = INSUFFICIENT
CHOLAFIN 2016-03: PAT 5yr CAGR = INSUFFICIENT
CHOLAFIN 2016-03: EPS 5yr CAGR = INSUFFICIENT
CHOLAFIN 2017-03: OPM mismatch (computed vs source > 1%) - formula discrepancy
CHOLAFIN 2017-03: revenue 5yr CAGR = INSUFFICIENT
CHOLAFIN 2017-03: PAT 5yr CAGR = INSUFFICIENT
CHOLAFIN 2017-03: EPS 5yr CAGR = INSUFFICIENT
CHOLAFIN 2018-03: OPM mismatch (computed vs source > 1%) - formula discrepancy
CHOLAFIN 2019-03: OPM mismatch (computed vs source > 1%) - formula discrepancy
CHOLAFIN 2020-03: OPM mismatch (computed vs source > 1%) - formula discrepancy
CHOLAFIN 2021-03: OPM mismatch (computed vs source > 1%) - formula discrepancy
CHOLAFIN 2022-03: OPM mismatch (computed vs source > 1%) - formula discrepancy
CHOLAFIN 2023-03: OPM mismatch (computed vs source > 1%) - formula discrepancy
CHOLAFIN 2024-03: OPM mismatch (computed vs source > 1%) - formula discrepancy
CHOLAFIN: computed ROCE 3.4% vs source 10.4% differ by >5% - data source issue
CIPLA 2013-03: OPM mismatch (computed vs source > 1%) - formula discrepancy
CIPLA 2013-03: revenue 5yr CAGR = INSUFFICIENT
CIPLA 2013-03: PAT 5yr CAGR = INSUFFICIENT
CIPLA 2013-03: EPS 5yr CAGR = INSUFFICIENT
CIPLA 2014-03: OPM mismatch (computed vs source > 1%) - formula discrepancy
CIPLA 2014-03: revenue 5yr CAGR = INSUFFICIENT
CIPLA 2014-03: PAT 5yr CAGR = INSUFFICIENT
CIPLA 2014-03: EPS 5yr CAGR = INSUFFICIENT
CIPLA 2015-03: OPM mismatch (computed vs source > 1%) - formula discrepancy
CIPLA 2015-03: revenue 5yr CAGR = INSUFFICIENT
CIPLA 2015-03: PAT 5yr CAGR = INSUFFICIENT
CIPLA 2015-03: EPS 5yr CAGR = INSUFFICIENT
CIPLA 2016-03: OPM mismatch (computed vs source > 1%) - formula discrepancy
CIPLA 2016-03: revenue 5yr CAGR = INSUFFICIENT
CIPLA 2016-03: PAT 5yr CAGR = INSUFFICIENT
CIPLA 2016-03: EPS 5yr CAGR = INSUFFICIENT
CIPLA 2017-03: OPM mismatch (computed vs source > 1%) - formula discrepancy
CIPLA 2017-03: revenue 5yr CAGR = INSUFFICIENT
CIPLA 2017-03: PAT 5yr CAGR = INSUFFICIENT
CIPLA 2017-03: EPS 5yr CAGR = INSUFFICIENT
CIPLA 2018-03: OPM mismatch (computed vs source > 1%) - formula discrepancy
CIPLA 2019-03: OPM mismatch (computed vs source > 1%) - formula discrepancy
CIPLA 2020-03: OPM mismatch (computed vs source > 1%) - formula discrepancy
CIPLA 2021-03: OPM mismatch (computed vs source > 1%) - formula discrepancy
CIPLA 2022-03: OPM mismatch (computed vs source > 1%) - formula discrepancy
CIPLA 2023-03: OPM mismatch (computed vs source > 1%) - formula discrepancy
CIPLA 2024-03: OPM mismatch (computed vs source > 1%) - formula discrepancy
CIPLA: computed ROCE 67.6% vs source 22.8% differ by >5% - data source issue
COALINDIA 2013-03: OPM mismatch (computed vs source > 1%) - formula discrepancy
COALINDIA 2013-03: revenue 5yr CAGR = INSUFFICIENT
COALINDIA 2013-03: PAT 5yr CAGR = INSUFFICIENT
COALINDIA 2013-03: EPS 5yr CAGR = INSUFFICIENT
COALINDIA 2014-03: OPM mismatch (computed vs source > 1%) - formula discrepancy
COALINDIA 2014-03: revenue 5yr CAGR = INSUFFICIENT
COALINDIA 2014-03: PAT 5yr CAGR = INSUFFICIENT
COALINDIA 2014-03: EPS 5yr CAGR = INSUFFICIENT
COALINDIA 2015-03: OPM mismatch (computed vs source > 1%) - formula discrepancy
COALINDIA 2015-03: revenue 5yr CAGR = INSUFFICIENT
COALINDIA 2015-03: PAT 5yr CAGR = INSUFFICIENT
COALINDIA 2015-03: EPS 5yr CAGR = INSUFFICIENT
COALINDIA 2016-03: OPM mismatch (computed vs source > 1%) - formula discrepancy
COALINDIA 2016-03: revenue 5yr CAGR = INSUFFICIENT
COALINDIA 2016-03: PAT 5yr CAGR = INSUFFICIENT
COALINDIA 2016-03: EPS 5yr CAGR = INSUFFICIENT
COALINDIA 2017-03: OPM mismatch (computed vs source > 1%) - formula discrepancy
COALINDIA 2017-03: revenue 5yr CAGR = INSUFFICIENT
COALINDIA 2017-03: PAT 5yr CAGR = INSUFFICIENT
COALINDIA 2017-03: EPS 5yr CAGR = INSUFFICIENT
COALINDIA 2018-03: OPM mismatch (computed vs source > 1%) - formula discrepancy
COALINDIA 2019-03: OPM mismatch (computed vs source > 1%) - formula discrepancy
COALINDIA 2020-03: OPM mismatch (computed vs source > 1%) - formula discrepancy
COALINDIA 2021-03: OPM mismatch (computed vs source > 1%) - formula discrepancy
COALINDIA 2022-03: OPM mismatch (computed vs source > 1%) - formula discrepancy
COALINDIA 2023-03: OPM mismatch (computed vs source > 1%) - formula discrepancy
COALINDIA 2024-03: OPM mismatch (computed vs source > 1%) - formula discrepancy
COALINDIA: computed ROCE 98.2% vs source 63.6% differ by >5% - data source issue
COALINDIA: computed ROE 45.2% vs source 52.0% differ by >5% (source values can be stale/mis-scaled) - version difference
DABUR 2013-03: revenue 5yr CAGR = INSUFFICIENT
DABUR 2013-03: PAT 5yr CAGR = INSUFFICIENT
DABUR 2013-03: EPS 5yr CAGR = INSUFFICIENT
DABUR 2014-03: revenue 5yr CAGR = INSUFFICIENT
DABUR 2014-03: PAT 5yr CAGR = INSUFFICIENT
DABUR 2014-03: EPS 5yr CAGR = INSUFFICIENT
DABUR 2015-03: revenue 5yr CAGR = INSUFFICIENT
DABUR 2015-03: PAT 5yr CAGR = INSUFFICIENT
DABUR 2015-03: EPS 5yr CAGR = INSUFFICIENT
DABUR 2016-03: revenue 5yr CAGR = INSUFFICIENT
DABUR 2016-03: PAT 5yr CAGR = INSUFFICIENT
DABUR 2016-03: EPS 5yr CAGR = INSUFFICIENT
DABUR 2017-03: revenue 5yr CAGR = INSUFFICIENT
DABUR 2017-03: PAT 5yr CAGR = INSUFFICIENT
DABUR 2017-03: EPS 5yr CAGR = INSUFFICIENT
DIVISLAB 2013-03: revenue 5yr CAGR = INSUFFICIENT
DIVISLAB 2013-03: PAT 5yr CAGR = INSUFFICIENT
DIVISLAB 2013-03: EPS 5yr CAGR = INSUFFICIENT
DIVISLAB 2014-03: revenue 5yr CAGR = INSUFFICIENT
DIVISLAB 2014-03: PAT 5yr CAGR = INSUFFICIENT
DIVISLAB 2014-03: EPS 5yr CAGR = INSUFFICIENT
DIVISLAB 2015-03: revenue 5yr CAGR = INSUFFICIENT
DIVISLAB 2015-03: PAT 5yr CAGR = INSUFFICIENT
DIVISLAB 2015-03: EPS 5yr CAGR = INSUFFICIENT
DIVISLAB 2016-03: revenue 5yr CAGR = INSUFFICIENT
DIVISLAB 2016-03: PAT 5yr CAGR = INSUFFICIENT
DIVISLAB 2016-03: EPS 5yr CAGR = INSUFFICIENT
DIVISLAB 2017-03: revenue 5yr CAGR = INSUFFICIENT
DIVISLAB 2017-03: PAT 5yr CAGR = INSUFFICIENT
DIVISLAB 2017-03: EPS 5yr CAGR = INSUFFICIENT
DLF 2013-03: revenue 5yr CAGR = INSUFFICIENT
DLF 2013-03: PAT 5yr CAGR = INSUFFICIENT
DLF 2013-03: EPS 5yr CAGR = INSUFFICIENT
DLF 2014-03: ICR < 1.5 - interest coverage risk flag
DLF 2014-03: revenue 5yr CAGR = INSUFFICIENT
DLF 2014-03: PAT 5yr CAGR = INSUFFICIENT
DLF 2014-03: EPS 5yr CAGR = INSUFFICIENT
DLF 2015-03: revenue 5yr CAGR = INSUFFICIENT
DLF 2015-03: PAT 5yr CAGR = INSUFFICIENT
DLF 2015-03: EPS 5yr CAGR = INSUFFICIENT
DLF 2016-03: revenue 5yr CAGR = INSUFFICIENT
DLF 2016-03: PAT 5yr CAGR = INSUFFICIENT
DLF 2016-03: EPS 5yr CAGR = INSUFFICIENT
DLF 2017-03: revenue 5yr CAGR = INSUFFICIENT
DLF 2017-03: PAT 5yr CAGR = INSUFFICIENT
DLF 2017-03: EPS 5yr CAGR = INSUFFICIENT
DLF 2019-03: ICR < 1.5 - interest coverage risk flag
DLF 2020-03: PAT 5yr CAGR = DECLINE_TO_LOSS
DLF 2020-03: EPS 5yr CAGR = DECLINE_TO_LOSS
DMART 2013-03: revenue 5yr CAGR = INSUFFICIENT
DMART 2013-03: PAT 5yr CAGR = INSUFFICIENT
DMART 2013-03: EPS 5yr CAGR = INSUFFICIENT
DMART 2014-03: revenue 5yr CAGR = INSUFFICIENT
DMART 2014-03: PAT 5yr CAGR = INSUFFICIENT
DMART 2014-03: EPS 5yr CAGR = INSUFFICIENT
DMART 2015-03: revenue 5yr CAGR = INSUFFICIENT
DMART 2015-03: PAT 5yr CAGR = INSUFFICIENT
DMART 2015-03: EPS 5yr CAGR = INSUFFICIENT
DMART 2016-03: revenue 5yr CAGR = INSUFFICIENT
DMART 2016-03: PAT 5yr CAGR = INSUFFICIENT
DMART 2016-03: EPS 5yr CAGR = INSUFFICIENT
DMART 2017-03: revenue 5yr CAGR = INSUFFICIENT
DMART 2017-03: PAT 5yr CAGR = INSUFFICIENT
DMART 2017-03: EPS 5yr CAGR = INSUFFICIENT
DRREDDY 2013-03: revenue 5yr CAGR = INSUFFICIENT
DRREDDY 2013-03: PAT 5yr CAGR = INSUFFICIENT
DRREDDY 2013-03: EPS 5yr CAGR = INSUFFICIENT
DRREDDY 2014-03: revenue 5yr CAGR = INSUFFICIENT
DRREDDY 2014-03: PAT 5yr CAGR = INSUFFICIENT
DRREDDY 2014-03: EPS 5yr CAGR = INSUFFICIENT
DRREDDY 2015-03: revenue 5yr CAGR = INSUFFICIENT
DRREDDY 2015-03: PAT 5yr CAGR = INSUFFICIENT
DRREDDY 2015-03: EPS 5yr CAGR = INSUFFICIENT
DRREDDY 2016-03: revenue 5yr CAGR = INSUFFICIENT
DRREDDY 2016-03: PAT 5yr CAGR = INSUFFICIENT
DRREDDY 2016-03: EPS 5yr CAGR = INSUFFICIENT
DRREDDY 2017-03: revenue 5yr CAGR = INSUFFICIENT
DRREDDY 2017-03: PAT 5yr CAGR = INSUFFICIENT
DRREDDY 2017-03: EPS 5yr CAGR = INSUFFICIENT
DRREDDY: computed ROCE 21.4% vs source 26.5% differ by >5% - data source issue
EICHERMOT 2012-12: revenue 5yr CAGR = INSUFFICIENT
EICHERMOT 2012-12: PAT 5yr CAGR = INSUFFICIENT
EICHERMOT 2012-12: EPS 5yr CAGR = INSUFFICIENT
EICHERMOT 2013-12: revenue 5yr CAGR = INSUFFICIENT
EICHERMOT 2013-12: PAT 5yr CAGR = INSUFFICIENT
EICHERMOT 2013-12: EPS 5yr CAGR = INSUFFICIENT
EICHERMOT 2014-12: revenue 5yr CAGR = INSUFFICIENT
EICHERMOT 2014-12: PAT 5yr CAGR = INSUFFICIENT
EICHERMOT 2014-12: EPS 5yr CAGR = INSUFFICIENT
EICHERMOT 2016-03: revenue 5yr CAGR = INSUFFICIENT
EICHERMOT 2016-03: PAT 5yr CAGR = INSUFFICIENT
EICHERMOT 2016-03: EPS 5yr CAGR = INSUFFICIENT
EICHERMOT 2017-03: revenue 5yr CAGR = INSUFFICIENT
EICHERMOT 2017-03: PAT 5yr CAGR = INSUFFICIENT
EICHERMOT 2017-03: EPS 5yr CAGR = INSUFFICIENT
EICHERMOT: computed ROCE 20.2% vs source 31.1% differ by >5% - data source issue
GAIL 2013-03: revenue 5yr CAGR = INSUFFICIENT
GAIL 2013-03: PAT 5yr CAGR = INSUFFICIENT
GAIL 2013-03: EPS 5yr CAGR = INSUFFICIENT
GAIL 2014-03: revenue 5yr CAGR = INSUFFICIENT
GAIL 2014-03: PAT 5yr CAGR = INSUFFICIENT
GAIL 2014-03: EPS 5yr CAGR = INSUFFICIENT
GAIL 2015-03: revenue 5yr CAGR = INSUFFICIENT
GAIL 2015-03: PAT 5yr CAGR = INSUFFICIENT
GAIL 2015-03: EPS 5yr CAGR = INSUFFICIENT
GAIL 2016-03: revenue 5yr CAGR = INSUFFICIENT
GAIL 2016-03: PAT 5yr CAGR = INSUFFICIENT
GAIL 2016-03: EPS 5yr CAGR = INSUFFICIENT
GAIL 2017-03: revenue 5yr CAGR = INSUFFICIENT
GAIL 2017-03: PAT 5yr CAGR = INSUFFICIENT
GAIL 2017-03: EPS 5yr CAGR = INSUFFICIENT
GODREJCP 2013-03: revenue 5yr CAGR = INSUFFICIENT
GODREJCP 2013-03: PAT 5yr CAGR = INSUFFICIENT
GODREJCP 2013-03: EPS 5yr CAGR = INSUFFICIENT
GODREJCP 2014-03: revenue 5yr CAGR = INSUFFICIENT
GODREJCP 2014-03: PAT 5yr CAGR = INSUFFICIENT
GODREJCP 2014-03: EPS 5yr CAGR = INSUFFICIENT
GODREJCP 2015-03: revenue 5yr CAGR = INSUFFICIENT
GODREJCP 2015-03: PAT 5yr CAGR = INSUFFICIENT
GODREJCP 2015-03: EPS 5yr CAGR = INSUFFICIENT
GODREJCP 2016-03: revenue 5yr CAGR = INSUFFICIENT
GODREJCP 2016-03: PAT 5yr CAGR = INSUFFICIENT
GODREJCP 2016-03: EPS 5yr CAGR = INSUFFICIENT
GODREJCP 2017-03: revenue 5yr CAGR = INSUFFICIENT
GODREJCP 2017-03: PAT 5yr CAGR = INSUFFICIENT
GODREJCP 2017-03: EPS 5yr CAGR = INSUFFICIENT
GODREJCP 2024-03: PAT 5yr CAGR = DECLINE_TO_LOSS
GODREJCP 2024-03: EPS 5yr CAGR = DECLINE_TO_LOSS
GODREJCP: computed ROCE 17.2% vs source 26.49% differ by >5% - data source issue
GODREJCP: computed ROE -4.5% vs source 6.77% differ by >5% (source values can be stale/mis-scaled) - version difference
GRASIM 2013-03: revenue 5yr CAGR = INSUFFICIENT
GRASIM 2013-03: PAT 5yr CAGR = INSUFFICIENT
GRASIM 2013-03: EPS 5yr CAGR = INSUFFICIENT
GRASIM 2014-03: revenue 5yr CAGR = INSUFFICIENT
GRASIM 2014-03: PAT 5yr CAGR = INSUFFICIENT
GRASIM 2014-03: EPS 5yr CAGR = INSUFFICIENT
GRASIM 2015-03: revenue 5yr CAGR = INSUFFICIENT
GRASIM 2015-03: PAT 5yr CAGR = INSUFFICIENT
GRASIM 2015-03: EPS 5yr CAGR = INSUFFICIENT
GRASIM 2016-03: revenue 5yr CAGR = INSUFFICIENT
GRASIM 2016-03: PAT 5yr CAGR = INSUFFICIENT
GRASIM 2016-03: EPS 5yr CAGR = INSUFFICIENT
GRASIM 2017-03: revenue 5yr CAGR = INSUFFICIENT
GRASIM 2017-03: PAT 5yr CAGR = INSUFFICIENT
GRASIM 2017-03: EPS 5yr CAGR = INSUFFICIENT
HAL 2013-03: revenue 5yr CAGR = INSUFFICIENT
HAL 2013-03: PAT 5yr CAGR = INSUFFICIENT
HAL 2013-03: EPS 5yr CAGR = INSUFFICIENT
HAL 2014-03: revenue 5yr CAGR = INSUFFICIENT
HAL 2014-03: PAT 5yr CAGR = INSUFFICIENT
HAL 2014-03: EPS 5yr CAGR = INSUFFICIENT
HAL 2015-03: revenue 5yr CAGR = INSUFFICIENT
HAL 2015-03: PAT 5yr CAGR = INSUFFICIENT
HAL 2015-03: EPS 5yr CAGR = INSUFFICIENT
HAL 2016-03: revenue 5yr CAGR = INSUFFICIENT
HAL 2016-03: PAT 5yr CAGR = INSUFFICIENT
HAL 2016-03: EPS 5yr CAGR = INSUFFICIENT
HAL 2017-03: revenue 5yr CAGR = INSUFFICIENT
HAL 2017-03: PAT 5yr CAGR = INSUFFICIENT
HAL 2017-03: EPS 5yr CAGR = INSUFFICIENT
HAL: computed ROCE 2591.0% vs source 38.9% differ by >5% - data source issue
HAL: computed ROE 3816.6% vs source 28.9% differ by >5% (source values can be stale/mis-scaled) - version difference
HAVELLS 2013-03: revenue 5yr CAGR = INSUFFICIENT
HAVELLS 2013-03: PAT 5yr CAGR = INSUFFICIENT
HAVELLS 2013-03: EPS 5yr CAGR = INSUFFICIENT
HAVELLS 2014-03: revenue 5yr CAGR = INSUFFICIENT
HAVELLS 2014-03: PAT 5yr CAGR = INSUFFICIENT
HAVELLS 2014-03: EPS 5yr CAGR = INSUFFICIENT
HAVELLS 2015-03: revenue 5yr CAGR = INSUFFICIENT
HAVELLS 2015-03: PAT 5yr CAGR = INSUFFICIENT
HAVELLS 2015-03: EPS 5yr CAGR = INSUFFICIENT
HAVELLS 2016-03: revenue 5yr CAGR = INSUFFICIENT
HAVELLS 2016-03: PAT 5yr CAGR = INSUFFICIENT
HAVELLS 2016-03: EPS 5yr CAGR = INSUFFICIENT
HAVELLS 2017-03: revenue 5yr CAGR = INSUFFICIENT
HAVELLS 2017-03: PAT 5yr CAGR = INSUFFICIENT
HAVELLS 2017-03: EPS 5yr CAGR = INSUFFICIENT
HCLTECH 2013-06: revenue 5yr CAGR = INSUFFICIENT
HCLTECH 2013-06: PAT 5yr CAGR = INSUFFICIENT
HCLTECH 2013-06: EPS 5yr CAGR = INSUFFICIENT
HCLTECH 2014-06: revenue 5yr CAGR = INSUFFICIENT
HCLTECH 2014-06: PAT 5yr CAGR = INSUFFICIENT
HCLTECH 2014-06: EPS 5yr CAGR = INSUFFICIENT
HCLTECH 2015-06: revenue 5yr CAGR = INSUFFICIENT
HCLTECH 2015-06: PAT 5yr CAGR = INSUFFICIENT
HCLTECH 2015-06: EPS 5yr CAGR = INSUFFICIENT
HCLTECH 2017-03: revenue 5yr CAGR = INSUFFICIENT
HCLTECH 2017-03: PAT 5yr CAGR = INSUFFICIENT
HCLTECH 2017-03: EPS 5yr CAGR = INSUFFICIENT
HCLTECH 2018-03: revenue 5yr CAGR = INSUFFICIENT
HCLTECH 2018-03: PAT 5yr CAGR = INSUFFICIENT
HCLTECH 2018-03: EPS 5yr CAGR = INSUFFICIENT
HDFCBANK 2013-03: OPM mismatch (computed vs source > 1%) - formula discrepancy
HDFCBANK 2013-03: revenue 5yr CAGR = INSUFFICIENT
HDFCBANK 2013-03: PAT 5yr CAGR = INSUFFICIENT
HDFCBANK 2013-03: EPS 5yr CAGR = INSUFFICIENT
HDFCBANK 2014-03: OPM mismatch (computed vs source > 1%) - formula discrepancy
HDFCBANK 2014-03: revenue 5yr CAGR = INSUFFICIENT
HDFCBANK 2014-03: PAT 5yr CAGR = INSUFFICIENT
HDFCBANK 2014-03: EPS 5yr CAGR = INSUFFICIENT
HDFCBANK 2015-03: OPM mismatch (computed vs source > 1%) - formula discrepancy
HDFCBANK 2015-03: revenue 5yr CAGR = INSUFFICIENT
HDFCBANK 2015-03: PAT 5yr CAGR = INSUFFICIENT
HDFCBANK 2015-03: EPS 5yr CAGR = INSUFFICIENT
HDFCBANK 2016-03: OPM mismatch (computed vs source > 1%) - formula discrepancy
HDFCBANK 2016-03: revenue 5yr CAGR = INSUFFICIENT
HDFCBANK 2016-03: PAT 5yr CAGR = INSUFFICIENT
HDFCBANK 2016-03: EPS 5yr CAGR = INSUFFICIENT
HDFCBANK 2017-03: OPM mismatch (computed vs source > 1%) - formula discrepancy
HDFCBANK 2017-03: revenue 5yr CAGR = INSUFFICIENT
HDFCBANK 2017-03: PAT 5yr CAGR = INSUFFICIENT
HDFCBANK 2017-03: EPS 5yr CAGR = INSUFFICIENT
HDFCBANK 2018-03: OPM mismatch (computed vs source > 1%) - formula discrepancy
HDFCBANK 2019-03: OPM mismatch (computed vs source > 1%) - formula discrepancy
HDFCBANK 2020-03: OPM mismatch (computed vs source > 1%) - formula discrepancy
HDFCBANK 2021-03: OPM mismatch (computed vs source > 1%) - formula discrepancy
HDFCBANK 2022-03: OPM mismatch (computed vs source > 1%) - formula discrepancy
HDFCBANK 2023-03: OPM mismatch (computed vs source > 1%) - formula discrepancy
HDFCBANK 2024-03: OPM mismatch (computed vs source > 1%) - formula discrepancy
HDFCBANK 2024-03: ICR < 1.5 - interest coverage risk flag
HDFCLIFE 2013-03: OPM mismatch (computed vs source > 1%) - formula discrepancy
HDFCLIFE 2013-03: revenue 5yr CAGR = INSUFFICIENT
HDFCLIFE 2013-03: PAT 5yr CAGR = INSUFFICIENT
HDFCLIFE 2013-03: EPS 5yr CAGR = INSUFFICIENT
HDFCLIFE 2014-03: OPM mismatch (computed vs source > 1%) - formula discrepancy
HDFCLIFE 2014-03: revenue 5yr CAGR = INSUFFICIENT
HDFCLIFE 2014-03: PAT 5yr CAGR = INSUFFICIENT
HDFCLIFE 2014-03: EPS 5yr CAGR = INSUFFICIENT
HDFCLIFE 2015-03: OPM mismatch (computed vs source > 1%) - formula discrepancy
HDFCLIFE 2015-03: revenue 5yr CAGR = INSUFFICIENT
HDFCLIFE 2015-03: PAT 5yr CAGR = INSUFFICIENT
HDFCLIFE 2015-03: EPS 5yr CAGR = INSUFFICIENT
HDFCLIFE 2016-03: OPM mismatch (computed vs source > 1%) - formula discrepancy
HDFCLIFE 2016-03: revenue 5yr CAGR = INSUFFICIENT
HDFCLIFE 2016-03: PAT 5yr CAGR = INSUFFICIENT
HDFCLIFE 2016-03: EPS 5yr CAGR = INSUFFICIENT
HDFCLIFE 2017-03: OPM mismatch (computed vs source > 1%) - formula discrepancy
HDFCLIFE 2017-03: revenue 5yr CAGR = INSUFFICIENT
HDFCLIFE 2017-03: PAT 5yr CAGR = INSUFFICIENT
HDFCLIFE 2017-03: EPS 5yr CAGR = INSUFFICIENT
HDFCLIFE 2018-03: OPM mismatch (computed vs source > 1%) - formula discrepancy
HDFCLIFE 2019-03: OPM mismatch (computed vs source > 1%) - formula discrepancy
HDFCLIFE 2020-03: OPM mismatch (computed vs source > 1%) - formula discrepancy
HDFCLIFE 2021-03: OPM mismatch (computed vs source > 1%) - formula discrepancy
HDFCLIFE 2022-03: OPM mismatch (computed vs source > 1%) - formula discrepancy
HDFCLIFE 2023-03: OPM mismatch (computed vs source > 1%) - formula discrepancy
HDFCLIFE 2024-03: OPM mismatch (computed vs source > 1%) - formula discrepancy
HDFCLIFE: computed ROCE 646.0% vs source 6.61% differ by >5% - data source issue
HEROMOTOCO 2014-03: OPM mismatch (computed vs source > 1%) - formula discrepancy
HEROMOTOCO 2014-03: revenue 5yr CAGR = INSUFFICIENT
HEROMOTOCO 2014-03: PAT 5yr CAGR = INSUFFICIENT
HEROMOTOCO 2014-03: EPS 5yr CAGR = INSUFFICIENT
HEROMOTOCO 2015-03: OPM mismatch (computed vs source > 1%) - formula discrepancy
HEROMOTOCO 2015-03: revenue 5yr CAGR = INSUFFICIENT
HEROMOTOCO 2015-03: PAT 5yr CAGR = INSUFFICIENT
HEROMOTOCO 2015-03: EPS 5yr CAGR = INSUFFICIENT
HEROMOTOCO 2016-03: OPM mismatch (computed vs source > 1%) - formula discrepancy
HEROMOTOCO 2016-03: revenue 5yr CAGR = INSUFFICIENT
HEROMOTOCO 2016-03: PAT 5yr CAGR = INSUFFICIENT
HEROMOTOCO 2016-03: EPS 5yr CAGR = INSUFFICIENT
HEROMOTOCO 2017-03: OPM mismatch (computed vs source > 1%) - formula discrepancy
HEROMOTOCO 2017-03: revenue 5yr CAGR = INSUFFICIENT
HEROMOTOCO 2017-03: PAT 5yr CAGR = INSUFFICIENT
HEROMOTOCO 2017-03: EPS 5yr CAGR = INSUFFICIENT
HEROMOTOCO 2018-03: OPM mismatch (computed vs source > 1%) - formula discrepancy
HEROMOTOCO 2018-03: revenue 5yr CAGR = INSUFFICIENT
HEROMOTOCO 2018-03: PAT 5yr CAGR = INSUFFICIENT
HEROMOTOCO 2018-03: EPS 5yr CAGR = INSUFFICIENT
HEROMOTOCO 2019-03: OPM mismatch (computed vs source > 1%) - formula discrepancy
HEROMOTOCO 2020-03: OPM mismatch (computed vs source > 1%) - formula discrepancy
HEROMOTOCO 2021-03: OPM mismatch (computed vs source > 1%) - formula discrepancy
HEROMOTOCO 2022-03: OPM mismatch (computed vs source > 1%) - formula discrepancy
HEROMOTOCO 2023-03: OPM mismatch (computed vs source > 1%) - formula discrepancy
HEROMOTOCO 2024-03: OPM mismatch (computed vs source > 1%) - formula discrepancy
HEROMOTOCO: computed ROCE 173.7% vs source 29.1% differ by >5% - data source issue
HINDALCO 2013-03: OPM mismatch (computed vs source > 1%) - formula discrepancy
HINDALCO 2013-03: revenue 5yr CAGR = INSUFFICIENT
HINDALCO 2013-03: PAT 5yr CAGR = INSUFFICIENT
HINDALCO 2013-03: EPS 5yr CAGR = INSUFFICIENT
HINDALCO 2014-03: OPM mismatch (computed vs source > 1%) - formula discrepancy
HINDALCO 2014-03: revenue 5yr CAGR = INSUFFICIENT
HINDALCO 2014-03: PAT 5yr CAGR = INSUFFICIENT
HINDALCO 2014-03: EPS 5yr CAGR = INSUFFICIENT
HINDALCO 2015-03: OPM mismatch (computed vs source > 1%) - formula discrepancy
HINDALCO 2015-03: ICR < 1.5 - interest coverage risk flag
HINDALCO 2015-03: revenue 5yr CAGR = INSUFFICIENT
HINDALCO 2015-03: PAT 5yr CAGR = INSUFFICIENT
HINDALCO 2015-03: EPS 5yr CAGR = INSUFFICIENT
HINDALCO 2016-03: OPM mismatch (computed vs source > 1%) - formula discrepancy
HINDALCO 2016-03: revenue 5yr CAGR = INSUFFICIENT
HINDALCO 2016-03: PAT 5yr CAGR = INSUFFICIENT
HINDALCO 2016-03: EPS 5yr CAGR = INSUFFICIENT
HINDALCO 2017-03: OPM mismatch (computed vs source > 1%) - formula discrepancy
HINDALCO 2017-03: revenue 5yr CAGR = INSUFFICIENT
HINDALCO 2017-03: PAT 5yr CAGR = INSUFFICIENT
HINDALCO 2017-03: EPS 5yr CAGR = INSUFFICIENT
HINDALCO 2018-03: OPM mismatch (computed vs source > 1%) - formula discrepancy
HINDALCO 2019-03: OPM mismatch (computed vs source > 1%) - formula discrepancy
HINDALCO 2020-03: OPM mismatch (computed vs source > 1%) - formula discrepancy
HINDALCO 2021-03: OPM mismatch (computed vs source > 1%) - formula discrepancy
HINDALCO 2021-03: ICR < 1.5 - interest coverage risk flag
HINDALCO 2021-03: PAT 5yr CAGR = TURNAROUND
HINDALCO 2021-03: EPS 5yr CAGR = TURNAROUND
HINDALCO 2022-03: OPM mismatch (computed vs source > 1%) - formula discrepancy
HINDALCO 2023-03: OPM mismatch (computed vs source > 1%) - formula discrepancy
HINDALCO 2024-03: OPM mismatch (computed vs source > 1%) - formula discrepancy
HINDALCO: computed ROCE 113.6% vs source 11.3% differ by >5% - data source issue
HINDUNILVR 2013-03: OPM mismatch (computed vs source > 1%) - formula discrepancy
HINDUNILVR 2013-03: revenue 5yr CAGR = INSUFFICIENT
HINDUNILVR 2013-03: PAT 5yr CAGR = INSUFFICIENT
HINDUNILVR 2013-03: EPS 5yr CAGR = INSUFFICIENT
HINDUNILVR 2014-03: OPM mismatch (computed vs source > 1%) - formula discrepancy
HINDUNILVR 2014-03: revenue 5yr CAGR = INSUFFICIENT
HINDUNILVR 2014-03: PAT 5yr CAGR = INSUFFICIENT
HINDUNILVR 2014-03: EPS 5yr CAGR = INSUFFICIENT
HINDUNILVR 2015-03: OPM mismatch (computed vs source > 1%) - formula discrepancy
HINDUNILVR 2015-03: revenue 5yr CAGR = INSUFFICIENT
HINDUNILVR 2015-03: PAT 5yr CAGR = INSUFFICIENT
HINDUNILVR 2015-03: EPS 5yr CAGR = INSUFFICIENT
HINDUNILVR 2016-03: OPM mismatch (computed vs source > 1%) - formula discrepancy
HINDUNILVR 2016-03: revenue 5yr CAGR = INSUFFICIENT
HINDUNILVR 2016-03: PAT 5yr CAGR = INSUFFICIENT
HINDUNILVR 2016-03: EPS 5yr CAGR = INSUFFICIENT
HINDUNILVR 2017-03: OPM mismatch (computed vs source > 1%) - formula discrepancy
HINDUNILVR 2017-03: revenue 5yr CAGR = INSUFFICIENT
HINDUNILVR 2017-03: PAT 5yr CAGR = INSUFFICIENT
HINDUNILVR 2017-03: EPS 5yr CAGR = INSUFFICIENT
HINDUNILVR 2018-03: OPM mismatch (computed vs source > 1%) - formula discrepancy
HINDUNILVR 2019-03: OPM mismatch (computed vs source > 1%) - formula discrepancy
HINDUNILVR 2020-03: OPM mismatch (computed vs source > 1%) - formula discrepancy
HINDUNILVR 2021-03: OPM mismatch (computed vs source > 1%) - formula discrepancy
HINDUNILVR 2022-03: OPM mismatch (computed vs source > 1%) - formula discrepancy
HINDUNILVR 2023-03: OPM mismatch (computed vs source > 1%) - formula discrepancy
HINDUNILVR 2024-03: OPM mismatch (computed vs source > 1%) - formula discrepancy
HINDUNILVR: computed ROCE 87.3% vs source 27.2% differ by >5% - data source issue
ICICIBANK 2013-03: OPM mismatch (computed vs source > 1%) - formula discrepancy
ICICIBANK 2013-03: ICR < 1.5 - interest coverage risk flag
ICICIBANK 2013-03: revenue 5yr CAGR = INSUFFICIENT
ICICIBANK 2013-03: PAT 5yr CAGR = INSUFFICIENT
ICICIBANK 2013-03: EPS 5yr CAGR = INSUFFICIENT
ICICIBANK 2014-03: OPM mismatch (computed vs source > 1%) - formula discrepancy
ICICIBANK 2014-03: ICR < 1.5 - interest coverage risk flag
ICICIBANK 2014-03: revenue 5yr CAGR = INSUFFICIENT
ICICIBANK 2014-03: PAT 5yr CAGR = INSUFFICIENT
ICICIBANK 2014-03: EPS 5yr CAGR = INSUFFICIENT
ICICIBANK 2015-03: OPM mismatch (computed vs source > 1%) - formula discrepancy
ICICIBANK 2015-03: ICR < 1.5 - interest coverage risk flag
ICICIBANK 2015-03: revenue 5yr CAGR = INSUFFICIENT
ICICIBANK 2015-03: PAT 5yr CAGR = INSUFFICIENT
ICICIBANK 2015-03: EPS 5yr CAGR = INSUFFICIENT
ICICIBANK 2016-03: OPM mismatch (computed vs source > 1%) - formula discrepancy
ICICIBANK 2016-03: ICR < 1.5 - interest coverage risk flag
ICICIBANK 2016-03: revenue 5yr CAGR = INSUFFICIENT
ICICIBANK 2016-03: PAT 5yr CAGR = INSUFFICIENT
ICICIBANK 2016-03: EPS 5yr CAGR = INSUFFICIENT
ICICIBANK 2017-03: OPM mismatch (computed vs source > 1%) - formula discrepancy
ICICIBANK 2017-03: ICR < 1.5 - interest coverage risk flag
ICICIBANK 2017-03: revenue 5yr CAGR = INSUFFICIENT
ICICIBANK 2017-03: PAT 5yr CAGR = INSUFFICIENT
ICICIBANK 2017-03: EPS 5yr CAGR = INSUFFICIENT
ICICIBANK 2018-03: OPM mismatch (computed vs source > 1%) - formula discrepancy
ICICIBANK 2018-03: ICR < 1.5 - interest coverage risk flag
ICICIBANK 2019-03: OPM mismatch (computed vs source > 1%) - formula discrepancy
ICICIBANK 2019-03: ICR < 1.5 - interest coverage risk flag
ICICIBANK 2020-03: OPM mismatch (computed vs source > 1%) - formula discrepancy
ICICIBANK 2020-03: ICR < 1.5 - interest coverage risk flag
ICICIBANK 2021-03: OPM mismatch (computed vs source > 1%) - formula discrepancy
ICICIBANK 2021-03: ICR < 1.5 - interest coverage risk flag
ICICIBANK 2022-03: OPM mismatch (computed vs source > 1%) - formula discrepancy
ICICIBANK 2022-03: ICR < 1.5 - interest coverage risk flag
ICICIBANK 2023-03: OPM mismatch (computed vs source > 1%) - formula discrepancy
ICICIBANK 2023-03: ICR < 1.5 - interest coverage risk flag
ICICIBANK 2024-03: OPM mismatch (computed vs source > 1%) - formula discrepancy
ICICIBANK 2024-03: ICR < 1.5 - interest coverage risk flag
ICICIGI 2013-03: OPM mismatch (computed vs source > 1%) - formula discrepancy
ICICIGI 2013-03: revenue 5yr CAGR = INSUFFICIENT
ICICIGI 2013-03: PAT 5yr CAGR = INSUFFICIENT
ICICIGI 2013-03: EPS 5yr CAGR = INSUFFICIENT
ICICIGI 2014-03: OPM mismatch (computed vs source > 1%) - formula discrepancy
ICICIGI 2014-03: revenue 5yr CAGR = INSUFFICIENT
ICICIGI 2014-03: PAT 5yr CAGR = INSUFFICIENT
ICICIGI 2014-03: EPS 5yr CAGR = INSUFFICIENT
ICICIGI 2015-03: OPM mismatch (computed vs source > 1%) - formula discrepancy
ICICIGI 2015-03: revenue 5yr CAGR = INSUFFICIENT
ICICIGI 2015-03: PAT 5yr CAGR = INSUFFICIENT
ICICIGI 2015-03: EPS 5yr CAGR = INSUFFICIENT
ICICIGI 2016-03: OPM mismatch (computed vs source > 1%) - formula discrepancy
ICICIGI 2016-03: revenue 5yr CAGR = INSUFFICIENT
ICICIGI 2016-03: PAT 5yr CAGR = INSUFFICIENT
ICICIGI 2016-03: EPS 5yr CAGR = INSUFFICIENT
ICICIGI 2017-03: OPM mismatch (computed vs source > 1%) - formula discrepancy
ICICIGI 2017-03: ICR < 1.5 - interest coverage risk flag
ICICIGI 2017-03: revenue 5yr CAGR = INSUFFICIENT
ICICIGI 2017-03: PAT 5yr CAGR = INSUFFICIENT
ICICIGI 2017-03: EPS 5yr CAGR = INSUFFICIENT
ICICIGI 2018-03: OPM mismatch (computed vs source > 1%) - formula discrepancy
ICICIGI 2019-03: OPM mismatch (computed vs source > 1%) - formula discrepancy
ICICIGI 2019-03: ICR < 1.5 - interest coverage risk flag
ICICIGI 2020-03: OPM mismatch (computed vs source > 1%) - formula discrepancy
ICICIGI 2021-03: OPM mismatch (computed vs source > 1%) - formula discrepancy
ICICIGI 2022-03: OPM mismatch (computed vs source > 1%) - formula discrepancy
ICICIGI 2023-03: OPM mismatch (computed vs source > 1%) - formula discrepancy
ICICIGI 2024-03: OPM mismatch (computed vs source > 1%) - formula discrepancy
ICICIGI: computed ROCE 145.2% vs source 22.5% differ by >5% - data source issue
ICICIPRULI 2013-03: OPM mismatch (computed vs source > 1%) - formula discrepancy
ICICIPRULI 2013-03: revenue 5yr CAGR = INSUFFICIENT
ICICIPRULI 2013-03: PAT 5yr CAGR = INSUFFICIENT
ICICIPRULI 2013-03: EPS 5yr CAGR = INSUFFICIENT
ICICIPRULI 2014-03: OPM mismatch (computed vs source > 1%) - formula discrepancy
ICICIPRULI 2014-03: revenue 5yr CAGR = INSUFFICIENT
ICICIPRULI 2014-03: PAT 5yr CAGR = INSUFFICIENT
ICICIPRULI 2014-03: EPS 5yr CAGR = INSUFFICIENT
ICICIPRULI 2015-03: OPM mismatch (computed vs source > 1%) - formula discrepancy
ICICIPRULI 2015-03: revenue 5yr CAGR = INSUFFICIENT
ICICIPRULI 2015-03: PAT 5yr CAGR = INSUFFICIENT
ICICIPRULI 2015-03: EPS 5yr CAGR = INSUFFICIENT
ICICIPRULI 2016-03: OPM mismatch (computed vs source > 1%) - formula discrepancy
ICICIPRULI 2016-03: revenue 5yr CAGR = INSUFFICIENT
ICICIPRULI 2016-03: PAT 5yr CAGR = INSUFFICIENT
ICICIPRULI 2016-03: EPS 5yr CAGR = INSUFFICIENT
ICICIPRULI 2017-03: OPM mismatch (computed vs source > 1%) - formula discrepancy
ICICIPRULI 2017-03: revenue 5yr CAGR = INSUFFICIENT
ICICIPRULI 2017-03: PAT 5yr CAGR = INSUFFICIENT
ICICIPRULI 2017-03: EPS 5yr CAGR = INSUFFICIENT
ICICIPRULI 2018-03: OPM mismatch (computed vs source > 1%) - formula discrepancy
ICICIPRULI 2019-03: OPM mismatch (computed vs source > 1%) - formula discrepancy
ICICIPRULI 2020-03: OPM mismatch (computed vs source > 1%) - formula discrepancy
ICICIPRULI 2021-03: OPM mismatch (computed vs source > 1%) - formula discrepancy
ICICIPRULI 2022-03: OPM mismatch (computed vs source > 1%) - formula discrepancy
ICICIPRULI 2023-03: OPM mismatch (computed vs source > 1%) - formula discrepancy
ICICIPRULI 2024-03: OPM mismatch (computed vs source > 1%) - formula discrepancy
ICICIPRULI: computed ROCE 754.0% vs source 8.75% differ by >5% - data source issue
INDUSINDBK 2013-03: OPM mismatch (computed vs source > 1%) - formula discrepancy
INDUSINDBK 2013-03: ICR < 1.5 - interest coverage risk flag
INDUSINDBK 2013-03: revenue 5yr CAGR = INSUFFICIENT
INDUSINDBK 2013-03: PAT 5yr CAGR = INSUFFICIENT
INDUSINDBK 2013-03: EPS 5yr CAGR = INSUFFICIENT
INDUSINDBK 2014-03: OPM mismatch (computed vs source > 1%) - formula discrepancy
INDUSINDBK 2014-03: ICR < 1.5 - interest coverage risk flag
INDUSINDBK 2014-03: revenue 5yr CAGR = INSUFFICIENT
INDUSINDBK 2014-03: PAT 5yr CAGR = INSUFFICIENT
INDUSINDBK 2014-03: EPS 5yr CAGR = INSUFFICIENT
INDUSINDBK 2015-03: OPM mismatch (computed vs source > 1%) - formula discrepancy
INDUSINDBK 2015-03: ICR < 1.5 - interest coverage risk flag
INDUSINDBK 2015-03: revenue 5yr CAGR = INSUFFICIENT
INDUSINDBK 2015-03: PAT 5yr CAGR = INSUFFICIENT
INDUSINDBK 2015-03: EPS 5yr CAGR = INSUFFICIENT
INDUSINDBK 2016-03: OPM mismatch (computed vs source > 1%) - formula discrepancy
INDUSINDBK 2016-03: ICR < 1.5 - interest coverage risk flag
INDUSINDBK 2016-03: revenue 5yr CAGR = INSUFFICIENT
INDUSINDBK 2016-03: PAT 5yr CAGR = INSUFFICIENT
INDUSINDBK 2016-03: EPS 5yr CAGR = INSUFFICIENT
INDUSINDBK 2017-03: OPM mismatch (computed vs source > 1%) - formula discrepancy
INDUSINDBK 2017-03: ICR < 1.5 - interest coverage risk flag
INDUSINDBK 2017-03: revenue 5yr CAGR = INSUFFICIENT
INDUSINDBK 2017-03: PAT 5yr CAGR = INSUFFICIENT
INDUSINDBK 2017-03: EPS 5yr CAGR = INSUFFICIENT
INDUSINDBK 2018-03: OPM mismatch (computed vs source > 1%) - formula discrepancy
INDUSINDBK 2018-03: ICR < 1.5 - interest coverage risk flag
INDUSINDBK 2019-03: OPM mismatch (computed vs source > 1%) - formula discrepancy
INDUSINDBK 2020-03: OPM mismatch (computed vs source > 1%) - formula discrepancy
INDUSINDBK 2021-03: OPM mismatch (computed vs source > 1%) - formula discrepancy
INDUSINDBK 2022-03: OPM mismatch (computed vs source > 1%) - formula discrepancy
INDUSINDBK 2023-03: OPM mismatch (computed vs source > 1%) - formula discrepancy
INDUSINDBK 2024-03: OPM mismatch (computed vs source > 1%) - formula discrepancy
INFY 2013-03: revenue 5yr CAGR = INSUFFICIENT
INFY 2013-03: PAT 5yr CAGR = INSUFFICIENT
INFY 2013-03: EPS 5yr CAGR = INSUFFICIENT
INFY 2014-03: revenue 5yr CAGR = INSUFFICIENT
INFY 2014-03: PAT 5yr CAGR = INSUFFICIENT
INFY 2014-03: EPS 5yr CAGR = INSUFFICIENT
INFY 2015-03: revenue 5yr CAGR = INSUFFICIENT
INFY 2015-03: PAT 5yr CAGR = INSUFFICIENT
INFY 2015-03: EPS 5yr CAGR = INSUFFICIENT
INFY 2016-03: revenue 5yr CAGR = INSUFFICIENT
INFY 2016-03: PAT 5yr CAGR = INSUFFICIENT
INFY 2016-03: EPS 5yr CAGR = INSUFFICIENT
INFY 2017-03: revenue 5yr CAGR = INSUFFICIENT
INFY 2017-03: PAT 5yr CAGR = INSUFFICIENT
INFY 2017-03: EPS 5yr CAGR = INSUFFICIENT
INFY: computed ROCE 32.9% vs source 40.0% differ by >5% - data source issue
IOC 2013-03: revenue 5yr CAGR = INSUFFICIENT
IOC 2013-03: PAT 5yr CAGR = INSUFFICIENT
IOC 2013-03: EPS 5yr CAGR = INSUFFICIENT
IOC 2014-03: revenue 5yr CAGR = INSUFFICIENT
IOC 2014-03: PAT 5yr CAGR = INSUFFICIENT
IOC 2014-03: EPS 5yr CAGR = INSUFFICIENT
IOC 2015-03: revenue 5yr CAGR = INSUFFICIENT
IOC 2015-03: PAT 5yr CAGR = INSUFFICIENT
IOC 2015-03: EPS 5yr CAGR = INSUFFICIENT
IOC 2016-03: revenue 5yr CAGR = INSUFFICIENT
IOC 2016-03: PAT 5yr CAGR = INSUFFICIENT
IOC 2016-03: EPS 5yr CAGR = INSUFFICIENT
IOC 2017-03: revenue 5yr CAGR = INSUFFICIENT
IOC 2017-03: PAT 5yr CAGR = INSUFFICIENT
IOC 2017-03: EPS 5yr CAGR = INSUFFICIENT
IOC 2020-03: PAT 5yr CAGR = DECLINE_TO_LOSS
IOC 2020-03: EPS 5yr CAGR = DECLINE_TO_LOSS
IRCTC 2015-03: revenue 5yr CAGR = INSUFFICIENT
IRCTC 2015-03: PAT 5yr CAGR = INSUFFICIENT
IRCTC 2015-03: EPS 5yr CAGR = INSUFFICIENT
IRCTC 2016-03: revenue 5yr CAGR = INSUFFICIENT
IRCTC 2016-03: PAT 5yr CAGR = INSUFFICIENT
IRCTC 2016-03: EPS 5yr CAGR = INSUFFICIENT
IRCTC 2017-03: revenue 5yr CAGR = INSUFFICIENT
IRCTC 2017-03: PAT 5yr CAGR = INSUFFICIENT
IRCTC 2017-03: EPS 5yr CAGR = INSUFFICIENT
IRCTC 2018-03: revenue 5yr CAGR = INSUFFICIENT
IRCTC 2018-03: PAT 5yr CAGR = INSUFFICIENT
IRCTC 2018-03: EPS 5yr CAGR = INSUFFICIENT
IRCTC 2019-03: revenue 5yr CAGR = INSUFFICIENT
IRCTC 2019-03: PAT 5yr CAGR = INSUFFICIENT
IRCTC 2019-03: EPS 5yr CAGR = INSUFFICIENT
IRCTC: computed ROCE 42.8% vs source 53.8% differ by >5% - data source issue
IRCTC: computed ROE 34.4% vs source 40.4% differ by >5% (source values can be stale/mis-scaled) - version difference
IRFC 2013-03: ICR < 1.5 - interest coverage risk flag
IRFC 2013-03: revenue 5yr CAGR = INSUFFICIENT
IRFC 2013-03: PAT 5yr CAGR = INSUFFICIENT
IRFC 2013-03: EPS 5yr CAGR = INSUFFICIENT
IRFC 2014-03: ICR < 1.5 - interest coverage risk flag
IRFC 2014-03: revenue 5yr CAGR = INSUFFICIENT
IRFC 2014-03: PAT 5yr CAGR = INSUFFICIENT
IRFC 2014-03: EPS 5yr CAGR = INSUFFICIENT
IRFC 2015-03: ICR < 1.5 - interest coverage risk flag
IRFC 2015-03: revenue 5yr CAGR = INSUFFICIENT
IRFC 2015-03: PAT 5yr CAGR = INSUFFICIENT
IRFC 2015-03: EPS 5yr CAGR = INSUFFICIENT
IRFC 2016-03: ICR < 1.5 - interest coverage risk flag
IRFC 2016-03: revenue 5yr CAGR = INSUFFICIENT
IRFC 2016-03: PAT 5yr CAGR = INSUFFICIENT
IRFC 2016-03: EPS 5yr CAGR = INSUFFICIENT
IRFC 2017-03: ICR < 1.5 - interest coverage risk flag
IRFC 2017-03: revenue 5yr CAGR = INSUFFICIENT
IRFC 2017-03: PAT 5yr CAGR = INSUFFICIENT
IRFC 2017-03: EPS 5yr CAGR = INSUFFICIENT
IRFC 2018-03: ICR < 1.5 - interest coverage risk flag
IRFC 2019-03: ICR < 1.5 - interest coverage risk flag
IRFC 2020-03: ICR < 1.5 - interest coverage risk flag
IRFC 2021-03: ICR < 1.5 - interest coverage risk flag
IRFC 2022-03: ICR < 1.5 - interest coverage risk flag
IRFC 2023-03: ICR < 1.5 - interest coverage risk flag
IRFC 2024-03: ICR < 1.5 - interest coverage risk flag
ITC 2013-03: revenue 5yr CAGR = INSUFFICIENT
ITC 2013-03: PAT 5yr CAGR = INSUFFICIENT
ITC 2013-03: EPS 5yr CAGR = INSUFFICIENT
ITC 2014-03: revenue 5yr CAGR = INSUFFICIENT
ITC 2014-03: PAT 5yr CAGR = INSUFFICIENT
ITC 2014-03: EPS 5yr CAGR = INSUFFICIENT
ITC 2015-03: revenue 5yr CAGR = INSUFFICIENT
ITC 2015-03: PAT 5yr CAGR = INSUFFICIENT
ITC 2015-03: EPS 5yr CAGR = INSUFFICIENT
ITC 2016-03: revenue 5yr CAGR = INSUFFICIENT
ITC 2016-03: PAT 5yr CAGR = INSUFFICIENT
ITC 2016-03: EPS 5yr CAGR = INSUFFICIENT
ITC 2017-03: revenue 5yr CAGR = INSUFFICIENT
ITC 2017-03: PAT 5yr CAGR = INSUFFICIENT
ITC 2017-03: EPS 5yr CAGR = INSUFFICIENT
JINDALSTEL 2013-03: revenue 5yr CAGR = INSUFFICIENT
JINDALSTEL 2013-03: PAT 5yr CAGR = INSUFFICIENT
JINDALSTEL 2013-03: EPS 5yr CAGR = INSUFFICIENT
JINDALSTEL 2014-03: revenue 5yr CAGR = INSUFFICIENT
JINDALSTEL 2014-03: PAT 5yr CAGR = INSUFFICIENT
JINDALSTEL 2014-03: EPS 5yr CAGR = INSUFFICIENT
JINDALSTEL 2015-03: ICR < 1.5 - interest coverage risk flag
JINDALSTEL 2015-03: revenue 5yr CAGR = INSUFFICIENT
JINDALSTEL 2015-03: PAT 5yr CAGR = INSUFFICIENT
JINDALSTEL 2015-03: EPS 5yr CAGR = INSUFFICIENT
JINDALSTEL 2016-03: ICR < 1.5 - interest coverage risk flag
JINDALSTEL 2016-03: revenue 5yr CAGR = INSUFFICIENT
JINDALSTEL 2016-03: PAT 5yr CAGR = INSUFFICIENT
JINDALSTEL 2016-03: EPS 5yr CAGR = INSUFFICIENT
JINDALSTEL 2017-03: ICR < 1.5 - interest coverage risk flag
JINDALSTEL 2017-03: revenue 5yr CAGR = INSUFFICIENT
JINDALSTEL 2017-03: PAT 5yr CAGR = INSUFFICIENT
JINDALSTEL 2017-03: EPS 5yr CAGR = INSUFFICIENT
JINDALSTEL 2018-03: PAT 5yr CAGR = DECLINE_TO_LOSS
JINDALSTEL 2018-03: EPS 5yr CAGR = DECLINE_TO_LOSS
JINDALSTEL 2019-03: PAT 5yr CAGR = DECLINE_TO_LOSS
JINDALSTEL 2019-03: EPS 5yr CAGR = DECLINE_TO_LOSS
JINDALSTEL 2020-03: PAT 5yr CAGR = BOTH_NEGATIVE
JINDALSTEL 2020-03: EPS 5yr CAGR = BOTH_NEGATIVE
JINDALSTEL 2021-03: PAT 5yr CAGR = TURNAROUND
JINDALSTEL 2021-03: EPS 5yr CAGR = TURNAROUND
JINDALSTEL 2022-03: PAT 5yr CAGR = TURNAROUND
JINDALSTEL 2022-03: EPS 5yr CAGR = TURNAROUND
JINDALSTEL 2023-03: PAT 5yr CAGR = TURNAROUND
JINDALSTEL 2023-03: EPS 5yr CAGR = TURNAROUND
JINDALSTEL 2024-03: PAT 5yr CAGR = TURNAROUND
JINDALSTEL 2024-03: EPS 5yr CAGR = TURNAROUND
JIOFIN 2023-03: OPM mismatch (computed vs source > 1%) - formula discrepancy
JIOFIN 2023-03: revenue 5yr CAGR = INSUFFICIENT
JIOFIN 2023-03: PAT 5yr CAGR = INSUFFICIENT
JIOFIN 2023-03: EPS 5yr CAGR = INSUFFICIENT
JIOFIN 2024-03: revenue 5yr CAGR = INSUFFICIENT
JIOFIN 2024-03: PAT 5yr CAGR = INSUFFICIENT
JIOFIN 2024-03: EPS 5yr CAGR = INSUFFICIENT
JSWENERGY 2013-03: revenue 5yr CAGR = INSUFFICIENT
JSWENERGY 2013-03: PAT 5yr CAGR = INSUFFICIENT
JSWENERGY 2013-03: EPS 5yr CAGR = INSUFFICIENT
JSWENERGY 2014-03: revenue 5yr CAGR = INSUFFICIENT
JSWENERGY 2014-03: PAT 5yr CAGR = INSUFFICIENT
JSWENERGY 2014-03: EPS 5yr CAGR = INSUFFICIENT
JSWENERGY 2015-03: revenue 5yr CAGR = INSUFFICIENT
JSWENERGY 2015-03: PAT 5yr CAGR = INSUFFICIENT
JSWENERGY 2015-03: EPS 5yr CAGR = INSUFFICIENT
JSWENERGY 2016-03: revenue 5yr CAGR = INSUFFICIENT
JSWENERGY 2016-03: PAT 5yr CAGR = INSUFFICIENT
JSWENERGY 2016-03: EPS 5yr CAGR = INSUFFICIENT
JSWENERGY 2017-03: revenue 5yr CAGR = INSUFFICIENT
JSWENERGY 2017-03: PAT 5yr CAGR = INSUFFICIENT
JSWENERGY 2017-03: EPS 5yr CAGR = INSUFFICIENT
JSWENERGY 2023-03: EPS 5yr CAGR = ZERO_BASE
JSWSTEEL 2013-03: revenue 5yr CAGR = INSUFFICIENT
JSWSTEEL 2013-03: PAT 5yr CAGR = INSUFFICIENT
JSWSTEEL 2013-03: EPS 5yr CAGR = INSUFFICIENT
JSWSTEEL 2014-03: revenue 5yr CAGR = INSUFFICIENT
JSWSTEEL 2014-03: PAT 5yr CAGR = INSUFFICIENT
JSWSTEEL 2014-03: EPS 5yr CAGR = INSUFFICIENT
JSWSTEEL 2015-03: revenue 5yr CAGR = INSUFFICIENT
JSWSTEEL 2015-03: PAT 5yr CAGR = INSUFFICIENT
JSWSTEEL 2015-03: EPS 5yr CAGR = INSUFFICIENT
JSWSTEEL 2016-03: ICR < 1.5 - interest coverage risk flag
JSWSTEEL 2016-03: revenue 5yr CAGR = INSUFFICIENT
JSWSTEEL 2016-03: PAT 5yr CAGR = INSUFFICIENT
JSWSTEEL 2016-03: EPS 5yr CAGR = INSUFFICIENT
JSWSTEEL 2017-03: revenue 5yr CAGR = INSUFFICIENT
JSWSTEEL 2017-03: PAT 5yr CAGR = INSUFFICIENT
JSWSTEEL 2017-03: EPS 5yr CAGR = INSUFFICIENT
JSWSTEEL 2021-03: PAT 5yr CAGR = TURNAROUND
JSWSTEEL 2021-03: EPS 5yr CAGR = TURNAROUND
KOTAKBANK 2013-03: OPM mismatch (computed vs source > 1%) - formula discrepancy
KOTAKBANK 2013-03: ICR < 1.5 - interest coverage risk flag
KOTAKBANK 2013-03: revenue 5yr CAGR = INSUFFICIENT
KOTAKBANK 2013-03: PAT 5yr CAGR = INSUFFICIENT
KOTAKBANK 2013-03: EPS 5yr CAGR = INSUFFICIENT
KOTAKBANK 2014-03: OPM mismatch (computed vs source > 1%) - formula discrepancy
KOTAKBANK 2014-03: ICR < 1.5 - interest coverage risk flag
KOTAKBANK 2014-03: revenue 5yr CAGR = INSUFFICIENT
KOTAKBANK 2014-03: PAT 5yr CAGR = INSUFFICIENT
KOTAKBANK 2014-03: EPS 5yr CAGR = INSUFFICIENT
KOTAKBANK 2015-03: OPM mismatch (computed vs source > 1%) - formula discrepancy
KOTAKBANK 2015-03: ICR < 1.5 - interest coverage risk flag
KOTAKBANK 2015-03: revenue 5yr CAGR = INSUFFICIENT
KOTAKBANK 2015-03: PAT 5yr CAGR = INSUFFICIENT
KOTAKBANK 2015-03: EPS 5yr CAGR = INSUFFICIENT
KOTAKBANK 2016-03: OPM mismatch (computed vs source > 1%) - formula discrepancy
KOTAKBANK 2016-03: revenue 5yr CAGR = INSUFFICIENT
KOTAKBANK 2016-03: PAT 5yr CAGR = INSUFFICIENT
KOTAKBANK 2016-03: EPS 5yr CAGR = INSUFFICIENT
KOTAKBANK 2017-03: OPM mismatch (computed vs source > 1%) - formula discrepancy
KOTAKBANK 2017-03: ICR < 1.5 - interest coverage risk flag
KOTAKBANK 2017-03: revenue 5yr CAGR = INSUFFICIENT
KOTAKBANK 2017-03: PAT 5yr CAGR = INSUFFICIENT
KOTAKBANK 2017-03: EPS 5yr CAGR = INSUFFICIENT
KOTAKBANK 2018-03: OPM mismatch (computed vs source > 1%) - formula discrepancy
KOTAKBANK 2018-03: ICR < 1.5 - interest coverage risk flag
KOTAKBANK 2019-03: OPM mismatch (computed vs source > 1%) - formula discrepancy
KOTAKBANK 2019-03: ICR < 1.5 - interest coverage risk flag
KOTAKBANK 2020-03: OPM mismatch (computed vs source > 1%) - formula discrepancy
KOTAKBANK 2020-03: ICR < 1.5 - interest coverage risk flag
KOTAKBANK 2021-03: OPM mismatch (computed vs source > 1%) - formula discrepancy
KOTAKBANK 2021-03: ICR < 1.5 - interest coverage risk flag
KOTAKBANK 2022-03: OPM mismatch (computed vs source > 1%) - formula discrepancy
KOTAKBANK 2022-03: ICR < 1.5 - interest coverage risk flag
KOTAKBANK 2023-03: OPM mismatch (computed vs source > 1%) - formula discrepancy
KOTAKBANK 2023-03: ICR < 1.5 - interest coverage risk flag
KOTAKBANK 2024-03: OPM mismatch (computed vs source > 1%) - formula discrepancy
KOTAKBANK 2024-03: ICR < 1.5 - interest coverage risk flag
LICI 2019-03: revenue 5yr CAGR = INSUFFICIENT
LICI 2019-03: PAT 5yr CAGR = INSUFFICIENT
LICI 2019-03: EPS 5yr CAGR = INSUFFICIENT
LICI 2020-03: revenue 5yr CAGR = INSUFFICIENT
LICI 2020-03: PAT 5yr CAGR = INSUFFICIENT
LICI 2020-03: EPS 5yr CAGR = INSUFFICIENT
LICI 2021-03: revenue 5yr CAGR = INSUFFICIENT
LICI 2021-03: PAT 5yr CAGR = INSUFFICIENT
LICI 2021-03: EPS 5yr CAGR = INSUFFICIENT
LICI 2022-03: revenue 5yr CAGR = INSUFFICIENT
LICI 2022-03: PAT 5yr CAGR = INSUFFICIENT
LICI 2022-03: EPS 5yr CAGR = INSUFFICIENT
LICI 2023-03: revenue 5yr CAGR = INSUFFICIENT
LICI 2023-03: PAT 5yr CAGR = INSUFFICIENT
LICI 2023-03: EPS 5yr CAGR = INSUFFICIENT
LICI 2024-03: EPS 5yr CAGR = INSUFFICIENT
LICI: computed ROCE 39.1% vs source 63.79% differ by >5% - data source issue
LICI: computed ROE 49.4% vs source 63.61% differ by >5% (source values can be stale/mis-scaled) - version difference
LODHA 2011-03: D/E > 5 (non-Financials) - high leverage flag
LODHA 2011-03: revenue 5yr CAGR = INSUFFICIENT
LODHA 2011-03: PAT 5yr CAGR = INSUFFICIENT
LODHA 2011-03: EPS 5yr CAGR = INSUFFICIENT
LODHA 2012-03: revenue 5yr CAGR = INSUFFICIENT
LODHA 2012-03: PAT 5yr CAGR = INSUFFICIENT
LODHA 2012-03: EPS 5yr CAGR = INSUFFICIENT
LODHA 2015-03: revenue 5yr CAGR = INSUFFICIENT
LODHA 2015-03: PAT 5yr CAGR = INSUFFICIENT
LODHA 2015-03: EPS 5yr CAGR = INSUFFICIENT
LODHA 2016-03: revenue 5yr CAGR = INSUFFICIENT
LODHA 2016-03: PAT 5yr CAGR = INSUFFICIENT
LODHA 2016-03: EPS 5yr CAGR = INSUFFICIENT
LODHA 2017-03: revenue 5yr CAGR = INSUFFICIENT
LODHA 2017-03: PAT 5yr CAGR = INSUFFICIENT
LODHA 2017-03: EPS 5yr CAGR = INSUFFICIENT
LODHA 2019-03: D/E > 5 (non-Financials) - high leverage flag
LODHA 2021-03: ICR < 1.5 - interest coverage risk flag
LT 2013-03: revenue 5yr CAGR = INSUFFICIENT
LT 2013-03: PAT 5yr CAGR = INSUFFICIENT
LT 2013-03: EPS 5yr CAGR = INSUFFICIENT
LT 2014-03: revenue 5yr CAGR = INSUFFICIENT
LT 2014-03: PAT 5yr CAGR = INSUFFICIENT
LT 2014-03: EPS 5yr CAGR = INSUFFICIENT
LT 2015-03: revenue 5yr CAGR = INSUFFICIENT
LT 2015-03: PAT 5yr CAGR = INSUFFICIENT
LT 2015-03: EPS 5yr CAGR = INSUFFICIENT
LT 2016-03: revenue 5yr CAGR = INSUFFICIENT
LT 2016-03: PAT 5yr CAGR = INSUFFICIENT
LT 2016-03: EPS 5yr CAGR = INSUFFICIENT
LT 2017-03: revenue 5yr CAGR = INSUFFICIENT
LT 2017-03: PAT 5yr CAGR = INSUFFICIENT
LT 2017-03: EPS 5yr CAGR = INSUFFICIENT
LT: computed ROCE 118.5% vs source 17.18% differ by >5% - data source issue
LT: computed ROE 77.7% vs source 10.49% differ by >5% (source values can be stale/mis-scaled) - version difference
LTIM 2013-03: revenue 5yr CAGR = INSUFFICIENT
LTIM 2013-03: PAT 5yr CAGR = INSUFFICIENT
LTIM 2013-03: EPS 5yr CAGR = INSUFFICIENT
LTIM 2014-03: revenue 5yr CAGR = INSUFFICIENT
LTIM 2014-03: PAT 5yr CAGR = INSUFFICIENT
LTIM 2014-03: EPS 5yr CAGR = INSUFFICIENT
LTIM 2015-03: revenue 5yr CAGR = INSUFFICIENT
LTIM 2015-03: PAT 5yr CAGR = INSUFFICIENT
LTIM 2015-03: EPS 5yr CAGR = INSUFFICIENT
LTIM 2016-03: revenue 5yr CAGR = INSUFFICIENT
LTIM 2016-03: PAT 5yr CAGR = INSUFFICIENT
LTIM 2016-03: EPS 5yr CAGR = INSUFFICIENT
LTIM 2017-03: revenue 5yr CAGR = INSUFFICIENT
LTIM 2017-03: PAT 5yr CAGR = INSUFFICIENT
LTIM 2017-03: EPS 5yr CAGR = INSUFFICIENT
LTIM: computed ROCE 25.2% vs source 34.1% differ by >5% - data source issue
M&M 2013-03: revenue 5yr CAGR = INSUFFICIENT
M&M 2013-03: PAT 5yr CAGR = INSUFFICIENT
M&M 2013-03: EPS 5yr CAGR = INSUFFICIENT
M&M 2014-03: revenue 5yr CAGR = INSUFFICIENT
M&M 2014-03: PAT 5yr CAGR = INSUFFICIENT
M&M 2014-03: EPS 5yr CAGR = INSUFFICIENT
M&M 2015-03: revenue 5yr CAGR = INSUFFICIENT
M&M 2015-03: PAT 5yr CAGR = INSUFFICIENT
M&M 2015-03: EPS 5yr CAGR = INSUFFICIENT
M&M 2016-03: revenue 5yr CAGR = INSUFFICIENT
M&M 2016-03: PAT 5yr CAGR = INSUFFICIENT
M&M 2016-03: EPS 5yr CAGR = INSUFFICIENT
M&M 2017-03: revenue 5yr CAGR = INSUFFICIENT
M&M 2017-03: PAT 5yr CAGR = INSUFFICIENT
M&M 2017-03: EPS 5yr CAGR = INSUFFICIENT
M&M 2020-03: PAT 5yr CAGR = DECLINE_TO_LOSS
M&M: computed ROCE 11.5% vs source 26.98% differ by >5% - data source issue
MARUTI 2013-03: revenue 5yr CAGR = INSUFFICIENT
MARUTI 2013-03: PAT 5yr CAGR = INSUFFICIENT
MARUTI 2013-03: EPS 5yr CAGR = INSUFFICIENT
MARUTI 2014-03: revenue 5yr CAGR = INSUFFICIENT
MARUTI 2014-03: PAT 5yr CAGR = INSUFFICIENT
MARUTI 2014-03: EPS 5yr CAGR = INSUFFICIENT
MARUTI 2015-03: revenue 5yr CAGR = INSUFFICIENT
MARUTI 2015-03: PAT 5yr CAGR = INSUFFICIENT
MARUTI 2015-03: EPS 5yr CAGR = INSUFFICIENT
MARUTI 2016-03: revenue 5yr CAGR = INSUFFICIENT
MARUTI 2016-03: PAT 5yr CAGR = INSUFFICIENT
MARUTI 2016-03: EPS 5yr CAGR = INSUFFICIENT
MARUTI 2017-03: revenue 5yr CAGR = INSUFFICIENT
MARUTI 2017-03: PAT 5yr CAGR = INSUFFICIENT
MARUTI 2017-03: EPS 5yr CAGR = INSUFFICIENT
MARUTI: computed ROCE 15.6% vs source 23.67% differ by >5% - data source issue
MOTHERSON 2013-03: revenue 5yr CAGR = INSUFFICIENT
MOTHERSON 2013-03: PAT 5yr CAGR = INSUFFICIENT
MOTHERSON 2013-03: EPS 5yr CAGR = INSUFFICIENT
MOTHERSON 2014-03: revenue 5yr CAGR = INSUFFICIENT
MOTHERSON 2014-03: PAT 5yr CAGR = INSUFFICIENT
MOTHERSON 2014-03: EPS 5yr CAGR = INSUFFICIENT
MOTHERSON 2015-03: revenue 5yr CAGR = INSUFFICIENT
MOTHERSON 2015-03: PAT 5yr CAGR = INSUFFICIENT
MOTHERSON 2015-03: EPS 5yr CAGR = INSUFFICIENT
MOTHERSON 2016-03: revenue 5yr CAGR = INSUFFICIENT
MOTHERSON 2016-03: PAT 5yr CAGR = INSUFFICIENT
MOTHERSON 2016-03: EPS 5yr CAGR = INSUFFICIENT
MOTHERSON 2017-03: revenue 5yr CAGR = INSUFFICIENT
MOTHERSON 2017-03: PAT 5yr CAGR = INSUFFICIENT
MOTHERSON 2017-03: EPS 5yr CAGR = INSUFFICIENT
NAUKRI 2013-03: revenue 5yr CAGR = INSUFFICIENT
NAUKRI 2013-03: PAT 5yr CAGR = INSUFFICIENT
NAUKRI 2013-03: EPS 5yr CAGR = INSUFFICIENT
NAUKRI 2014-03: revenue 5yr CAGR = INSUFFICIENT
NAUKRI 2014-03: PAT 5yr CAGR = INSUFFICIENT
NAUKRI 2014-03: EPS 5yr CAGR = INSUFFICIENT
NAUKRI 2015-03: revenue 5yr CAGR = INSUFFICIENT
NAUKRI 2015-03: PAT 5yr CAGR = INSUFFICIENT
NAUKRI 2015-03: EPS 5yr CAGR = INSUFFICIENT
NAUKRI 2016-03: revenue 5yr CAGR = INSUFFICIENT
NAUKRI 2016-03: PAT 5yr CAGR = INSUFFICIENT
NAUKRI 2016-03: EPS 5yr CAGR = INSUFFICIENT
NAUKRI 2017-03: revenue 5yr CAGR = INSUFFICIENT
NAUKRI 2017-03: PAT 5yr CAGR = INSUFFICIENT
NAUKRI 2017-03: EPS 5yr CAGR = INSUFFICIENT
NAUKRI 2020-03: ICR < 1.5 - interest coverage risk flag
NAUKRI 2020-03: PAT 5yr CAGR = BOTH_NEGATIVE
NAUKRI 2020-03: EPS 5yr CAGR = DECLINE_TO_LOSS
NAUKRI 2022-03: PAT 5yr CAGR = TURNAROUND
NAUKRI 2022-03: EPS 5yr CAGR = TURNAROUND
NAUKRI 2023-03: PAT 5yr CAGR = DECLINE_TO_LOSS
NAUKRI 2023-03: EPS 5yr CAGR = DECLINE_TO_LOSS
NESTLEIND 2013-12: revenue 5yr CAGR = INSUFFICIENT
NESTLEIND 2013-12: PAT 5yr CAGR = INSUFFICIENT
NESTLEIND 2013-12: EPS 5yr CAGR = INSUFFICIENT
NESTLEIND 2014-12: revenue 5yr CAGR = INSUFFICIENT
NESTLEIND 2014-12: PAT 5yr CAGR = INSUFFICIENT
NESTLEIND 2014-12: EPS 5yr CAGR = INSUFFICIENT
NESTLEIND 2015-12: revenue 5yr CAGR = INSUFFICIENT
NESTLEIND 2015-12: PAT 5yr CAGR = INSUFFICIENT
NESTLEIND 2015-12: EPS 5yr CAGR = INSUFFICIENT
NESTLEIND 2016-12: revenue 5yr CAGR = INSUFFICIENT
NESTLEIND 2016-12: PAT 5yr CAGR = INSUFFICIENT
NESTLEIND 2016-12: EPS 5yr CAGR = INSUFFICIENT
NESTLEIND 2017-12: revenue 5yr CAGR = INSUFFICIENT
NESTLEIND 2017-12: PAT 5yr CAGR = INSUFFICIENT
NESTLEIND 2017-12: EPS 5yr CAGR = INSUFFICIENT
NESTLEIND: computed ROCE 143.1% vs source 185.43% differ by >5% - data source issue
NESTLEIND: computed ROE 117.8% vs source 135.61% differ by >5% (source values can be stale/mis-scaled) - version difference
NHPC 2013-03: revenue 5yr CAGR = INSUFFICIENT
NHPC 2013-03: PAT 5yr CAGR = INSUFFICIENT
NHPC 2013-03: EPS 5yr CAGR = INSUFFICIENT
NHPC 2014-03: revenue 5yr CAGR = INSUFFICIENT
NHPC 2014-03: PAT 5yr CAGR = INSUFFICIENT
NHPC 2014-03: EPS 5yr CAGR = INSUFFICIENT
NHPC 2015-03: revenue 5yr CAGR = INSUFFICIENT
NHPC 2015-03: PAT 5yr CAGR = INSUFFICIENT
NHPC 2015-03: EPS 5yr CAGR = INSUFFICIENT
NHPC 2016-03: revenue 5yr CAGR = INSUFFICIENT
NHPC 2016-03: PAT 5yr CAGR = INSUFFICIENT
NHPC 2016-03: EPS 5yr CAGR = INSUFFICIENT
NHPC 2017-03: revenue 5yr CAGR = INSUFFICIENT
NHPC 2017-03: PAT 5yr CAGR = INSUFFICIENT
NHPC 2017-03: EPS 5yr CAGR = INSUFFICIENT
NTPC 2013-03: revenue 5yr CAGR = INSUFFICIENT
NTPC 2013-03: PAT 5yr CAGR = INSUFFICIENT
NTPC 2013-03: EPS 5yr CAGR = INSUFFICIENT
NTPC 2014-03: revenue 5yr CAGR = INSUFFICIENT
NTPC 2014-03: PAT 5yr CAGR = INSUFFICIENT
NTPC 2014-03: EPS 5yr CAGR = INSUFFICIENT
NTPC 2015-03: revenue 5yr CAGR = INSUFFICIENT
NTPC 2015-03: PAT 5yr CAGR = INSUFFICIENT
NTPC 2015-03: EPS 5yr CAGR = INSUFFICIENT
NTPC 2016-03: revenue 5yr CAGR = INSUFFICIENT
NTPC 2016-03: PAT 5yr CAGR = INSUFFICIENT
NTPC 2016-03: EPS 5yr CAGR = INSUFFICIENT
NTPC 2017-03: revenue 5yr CAGR = INSUFFICIENT
NTPC 2017-03: PAT 5yr CAGR = INSUFFICIENT
NTPC 2017-03: EPS 5yr CAGR = INSUFFICIENT
ONGC 2013-03: revenue 5yr CAGR = INSUFFICIENT
ONGC 2013-03: PAT 5yr CAGR = INSUFFICIENT
ONGC 2013-03: EPS 5yr CAGR = INSUFFICIENT
ONGC 2014-03: revenue 5yr CAGR = INSUFFICIENT
ONGC 2014-03: PAT 5yr CAGR = INSUFFICIENT
ONGC 2014-03: EPS 5yr CAGR = INSUFFICIENT
ONGC 2015-03: revenue 5yr CAGR = INSUFFICIENT
ONGC 2015-03: PAT 5yr CAGR = INSUFFICIENT
ONGC 2015-03: EPS 5yr CAGR = INSUFFICIENT
ONGC 2016-03: revenue 5yr CAGR = INSUFFICIENT
ONGC 2016-03: PAT 5yr CAGR = INSUFFICIENT
ONGC 2016-03: EPS 5yr CAGR = INSUFFICIENT
ONGC 2017-03: revenue 5yr CAGR = INSUFFICIENT
ONGC 2017-03: PAT 5yr CAGR = INSUFFICIENT
ONGC 2017-03: EPS 5yr CAGR = INSUFFICIENT
PFC 2013-03: ICR < 1.5 - interest coverage risk flag
PFC 2013-03: revenue 5yr CAGR = INSUFFICIENT
PFC 2013-03: PAT 5yr CAGR = INSUFFICIENT
PFC 2013-03: EPS 5yr CAGR = INSUFFICIENT
PFC 2014-03: ICR < 1.5 - interest coverage risk flag
PFC 2014-03: revenue 5yr CAGR = INSUFFICIENT
PFC 2014-03: PAT 5yr CAGR = INSUFFICIENT
PFC 2014-03: EPS 5yr CAGR = INSUFFICIENT
PFC 2015-03: ICR < 1.5 - interest coverage risk flag
PFC 2015-03: revenue 5yr CAGR = INSUFFICIENT
PFC 2015-03: PAT 5yr CAGR = INSUFFICIENT
PFC 2015-03: EPS 5yr CAGR = INSUFFICIENT
PFC 2016-03: ICR < 1.5 - interest coverage risk flag
PFC 2016-03: revenue 5yr CAGR = INSUFFICIENT
PFC 2016-03: PAT 5yr CAGR = INSUFFICIENT
PFC 2016-03: EPS 5yr CAGR = INSUFFICIENT
PFC 2017-03: ICR < 1.5 - interest coverage risk flag
PFC 2017-03: revenue 5yr CAGR = INSUFFICIENT
PFC 2017-03: PAT 5yr CAGR = INSUFFICIENT
PFC 2017-03: EPS 5yr CAGR = INSUFFICIENT
PFC 2018-03: ICR < 1.5 - interest coverage risk flag
PFC 2019-03: ICR < 1.5 - interest coverage risk flag
PFC 2020-03: ICR < 1.5 - interest coverage risk flag
PFC 2021-03: ICR < 1.5 - interest coverage risk flag
PFC 2022-03: ICR < 1.5 - interest coverage risk flag
PFC 2023-03: ICR < 1.5 - interest coverage risk flag
PFC 2024-03: ICR < 1.5 - interest coverage risk flag
PFC: computed ROCE 3.5% vs source 9.96% differ by >5% - data source issue
PFC: computed ROE 26.2% vs source 19.49% differ by >5% (source values can be stale/mis-scaled) - version difference
PIDILITIND 2013-03: revenue 5yr CAGR = INSUFFICIENT
PIDILITIND 2013-03: PAT 5yr CAGR = INSUFFICIENT
PIDILITIND 2013-03: EPS 5yr CAGR = INSUFFICIENT
PIDILITIND 2014-03: revenue 5yr CAGR = INSUFFICIENT
PIDILITIND 2014-03: PAT 5yr CAGR = INSUFFICIENT
PIDILITIND 2014-03: EPS 5yr CAGR = INSUFFICIENT
PIDILITIND 2015-03: revenue 5yr CAGR = INSUFFICIENT
PIDILITIND 2015-03: PAT 5yr CAGR = INSUFFICIENT
PIDILITIND 2015-03: EPS 5yr CAGR = INSUFFICIENT
PIDILITIND 2016-03: revenue 5yr CAGR = INSUFFICIENT
PIDILITIND 2016-03: PAT 5yr CAGR = INSUFFICIENT
PIDILITIND 2016-03: EPS 5yr CAGR = INSUFFICIENT
PIDILITIND 2017-03: revenue 5yr CAGR = INSUFFICIENT
PIDILITIND 2017-03: PAT 5yr CAGR = INSUFFICIENT
PIDILITIND 2017-03: EPS 5yr CAGR = INSUFFICIENT
PNB 2013-03: ICR < 1.5 - interest coverage risk flag
PNB 2013-03: revenue 5yr CAGR = INSUFFICIENT
PNB 2013-03: PAT 5yr CAGR = INSUFFICIENT
PNB 2013-03: EPS 5yr CAGR = INSUFFICIENT
PNB 2014-03: ICR < 1.5 - interest coverage risk flag
PNB 2014-03: revenue 5yr CAGR = INSUFFICIENT
PNB 2014-03: PAT 5yr CAGR = INSUFFICIENT
PNB 2014-03: EPS 5yr CAGR = INSUFFICIENT
PNB 2015-03: ICR < 1.5 - interest coverage risk flag
PNB 2015-03: revenue 5yr CAGR = INSUFFICIENT
PNB 2015-03: PAT 5yr CAGR = INSUFFICIENT
PNB 2015-03: EPS 5yr CAGR = INSUFFICIENT
PNB 2016-03: ICR < 1.5 - interest coverage risk flag
PNB 2016-03: revenue 5yr CAGR = INSUFFICIENT
PNB 2016-03: PAT 5yr CAGR = INSUFFICIENT
PNB 2016-03: EPS 5yr CAGR = INSUFFICIENT
PNB 2017-03: ICR < 1.5 - interest coverage risk flag
PNB 2017-03: revenue 5yr CAGR = INSUFFICIENT
PNB 2017-03: PAT 5yr CAGR = INSUFFICIENT
PNB 2017-03: EPS 5yr CAGR = INSUFFICIENT
PNB 2018-03: ICR < 1.5 - interest coverage risk flag
PNB 2018-03: PAT 5yr CAGR = DECLINE_TO_LOSS
PNB 2018-03: EPS 5yr CAGR = DECLINE_TO_LOSS
PNB 2019-03: ICR < 1.5 - interest coverage risk flag
PNB 2019-03: PAT 5yr CAGR = DECLINE_TO_LOSS
PNB 2019-03: EPS 5yr CAGR = DECLINE_TO_LOSS
PNB 2020-03: ICR < 1.5 - interest coverage risk flag
PNB 2021-03: ICR < 1.5 - interest coverage risk flag
PNB 2021-03: PAT 5yr CAGR = TURNAROUND
PNB 2021-03: EPS 5yr CAGR = TURNAROUND
PNB 2022-03: ICR < 1.5 - interest coverage risk flag
PNB 2023-03: ICR < 1.5 - interest coverage risk flag
PNB 2023-03: PAT 5yr CAGR = TURNAROUND
PNB 2023-03: EPS 5yr CAGR = TURNAROUND
PNB 2024-03: ICR < 1.5 - interest coverage risk flag
PNB 2024-03: PAT 5yr CAGR = TURNAROUND
PNB 2024-03: EPS 5yr CAGR = TURNAROUND
PNB: computed ROE 61.3% vs source 8.7% differ by >5% (source values can be stale/mis-scaled) - version difference
POWERGRID 2013-03: revenue 5yr CAGR = INSUFFICIENT
POWERGRID 2013-03: PAT 5yr CAGR = INSUFFICIENT
POWERGRID 2013-03: EPS 5yr CAGR = INSUFFICIENT
POWERGRID 2014-03: revenue 5yr CAGR = INSUFFICIENT
POWERGRID 2014-03: PAT 5yr CAGR = INSUFFICIENT
POWERGRID 2014-03: EPS 5yr CAGR = INSUFFICIENT
POWERGRID 2015-03: revenue 5yr CAGR = INSUFFICIENT
POWERGRID 2015-03: PAT 5yr CAGR = INSUFFICIENT
POWERGRID 2015-03: EPS 5yr CAGR = INSUFFICIENT
POWERGRID 2016-03: revenue 5yr CAGR = INSUFFICIENT
POWERGRID 2016-03: PAT 5yr CAGR = INSUFFICIENT
POWERGRID 2016-03: EPS 5yr CAGR = INSUFFICIENT
POWERGRID 2017-03: revenue 5yr CAGR = INSUFFICIENT
POWERGRID 2017-03: PAT 5yr CAGR = INSUFFICIENT
POWERGRID 2017-03: EPS 5yr CAGR = INSUFFICIENT
RECLTD 2013-03: revenue 5yr CAGR = INSUFFICIENT
RECLTD 2013-03: PAT 5yr CAGR = INSUFFICIENT
RECLTD 2013-03: EPS 5yr CAGR = INSUFFICIENT
RECLTD 2014-03: revenue 5yr CAGR = INSUFFICIENT
RECLTD 2014-03: PAT 5yr CAGR = INSUFFICIENT
RECLTD 2014-03: EPS 5yr CAGR = INSUFFICIENT
RECLTD 2015-03: revenue 5yr CAGR = INSUFFICIENT
RECLTD 2015-03: PAT 5yr CAGR = INSUFFICIENT
RECLTD 2015-03: EPS 5yr CAGR = INSUFFICIENT
RECLTD 2016-03: revenue 5yr CAGR = INSUFFICIENT
RECLTD 2016-03: PAT 5yr CAGR = INSUFFICIENT
RECLTD 2016-03: EPS 5yr CAGR = INSUFFICIENT
RECLTD 2017-03: revenue 5yr CAGR = INSUFFICIENT
RECLTD 2017-03: PAT 5yr CAGR = INSUFFICIENT
RECLTD 2017-03: EPS 5yr CAGR = INSUFFICIENT
RECLTD 2018-03: ICR < 1.5 - interest coverage risk flag
RECLTD 2020-03: ICR < 1.5 - interest coverage risk flag
RELIANCE 2013-03: revenue 5yr CAGR = INSUFFICIENT
RELIANCE 2013-03: PAT 5yr CAGR = INSUFFICIENT
RELIANCE 2013-03: EPS 5yr CAGR = INSUFFICIENT
RELIANCE 2014-03: revenue 5yr CAGR = INSUFFICIENT
RELIANCE 2014-03: PAT 5yr CAGR = INSUFFICIENT
RELIANCE 2014-03: EPS 5yr CAGR = INSUFFICIENT
RELIANCE 2015-03: revenue 5yr CAGR = INSUFFICIENT
RELIANCE 2015-03: PAT 5yr CAGR = INSUFFICIENT
RELIANCE 2015-03: EPS 5yr CAGR = INSUFFICIENT
RELIANCE 2016-03: revenue 5yr CAGR = INSUFFICIENT
RELIANCE 2016-03: PAT 5yr CAGR = INSUFFICIENT
RELIANCE 2016-03: EPS 5yr CAGR = INSUFFICIENT
RELIANCE 2017-03: revenue 5yr CAGR = INSUFFICIENT
RELIANCE 2017-03: PAT 5yr CAGR = INSUFFICIENT
RELIANCE 2017-03: EPS 5yr CAGR = INSUFFICIENT
SBILIFE 2013-03: revenue 5yr CAGR = INSUFFICIENT
SBILIFE 2013-03: PAT 5yr CAGR = INSUFFICIENT
SBILIFE 2013-03: EPS 5yr CAGR = INSUFFICIENT
SBILIFE 2014-03: revenue 5yr CAGR = INSUFFICIENT
SBILIFE 2014-03: PAT 5yr CAGR = INSUFFICIENT
SBILIFE 2014-03: EPS 5yr CAGR = INSUFFICIENT
SBILIFE 2015-03: revenue 5yr CAGR = INSUFFICIENT
SBILIFE 2015-03: PAT 5yr CAGR = INSUFFICIENT
SBILIFE 2015-03: EPS 5yr CAGR = INSUFFICIENT
SBILIFE 2016-03: revenue 5yr CAGR = INSUFFICIENT
SBILIFE 2016-03: PAT 5yr CAGR = INSUFFICIENT
SBILIFE 2016-03: EPS 5yr CAGR = INSUFFICIENT
SBILIFE 2017-03: revenue 5yr CAGR = INSUFFICIENT
SBILIFE 2017-03: PAT 5yr CAGR = INSUFFICIENT
SBILIFE 2017-03: EPS 5yr CAGR = INSUFFICIENT
SBILIFE: computed ROCE 1.1% vs source 13.2% differ by >5% - data source issue
SBIN 2013-03: ICR < 1.5 - interest coverage risk flag
SBIN 2013-03: revenue 5yr CAGR = INSUFFICIENT
SBIN 2013-03: PAT 5yr CAGR = INSUFFICIENT
SBIN 2013-03: EPS 5yr CAGR = INSUFFICIENT
SBIN 2014-03: ICR < 1.5 - interest coverage risk flag
SBIN 2014-03: revenue 5yr CAGR = INSUFFICIENT
SBIN 2014-03: PAT 5yr CAGR = INSUFFICIENT
SBIN 2014-03: EPS 5yr CAGR = INSUFFICIENT
SBIN 2015-03: ICR < 1.5 - interest coverage risk flag
SBIN 2015-03: revenue 5yr CAGR = INSUFFICIENT
SBIN 2015-03: PAT 5yr CAGR = INSUFFICIENT
SBIN 2015-03: EPS 5yr CAGR = INSUFFICIENT
SBIN 2016-03: ICR < 1.5 - interest coverage risk flag
SBIN 2016-03: revenue 5yr CAGR = INSUFFICIENT
SBIN 2016-03: PAT 5yr CAGR = INSUFFICIENT
SBIN 2016-03: EPS 5yr CAGR = INSUFFICIENT
SBIN 2017-03: ICR < 1.5 - interest coverage risk flag
SBIN 2017-03: revenue 5yr CAGR = INSUFFICIENT
SBIN 2017-03: PAT 5yr CAGR = INSUFFICIENT
SBIN 2017-03: EPS 5yr CAGR = INSUFFICIENT
SBIN 2018-03: ICR < 1.5 - interest coverage risk flag
SBIN 2018-03: PAT 5yr CAGR = DECLINE_TO_LOSS
SBIN 2018-03: EPS 5yr CAGR = DECLINE_TO_LOSS
SBIN 2019-03: ICR < 1.5 - interest coverage risk flag
SBIN 2020-03: ICR < 1.5 - interest coverage risk flag
SBIN 2021-03: ICR < 1.5 - interest coverage risk flag
SBIN 2022-03: ICR < 1.5 - interest coverage risk flag
SBIN 2022-03: PAT 5yr CAGR = TURNAROUND
SBIN 2022-03: EPS 5yr CAGR = ZERO_BASE
SBIN 2023-03: ICR < 1.5 - interest coverage risk flag
SBIN 2023-03: PAT 5yr CAGR = TURNAROUND
SBIN 2023-03: EPS 5yr CAGR = TURNAROUND
SBIN 2024-03: ICR < 1.5 - interest coverage risk flag
SHREECEM 2013-06: revenue 5yr CAGR = INSUFFICIENT
SHREECEM 2013-06: PAT 5yr CAGR = INSUFFICIENT
SHREECEM 2013-06: EPS 5yr CAGR = INSUFFICIENT
SHREECEM 2014-06: revenue 5yr CAGR = INSUFFICIENT
SHREECEM 2014-06: PAT 5yr CAGR = INSUFFICIENT
SHREECEM 2014-06: EPS 5yr CAGR = INSUFFICIENT
SHREECEM 2015-06: revenue 5yr CAGR = INSUFFICIENT
SHREECEM 2015-06: PAT 5yr CAGR = INSUFFICIENT
SHREECEM 2015-06: EPS 5yr CAGR = INSUFFICIENT
SHREECEM 2017-03: revenue 5yr CAGR = INSUFFICIENT
SHREECEM 2017-03: PAT 5yr CAGR = INSUFFICIENT
SHREECEM 2017-03: EPS 5yr CAGR = INSUFFICIENT
SHREECEM 2018-03: revenue 5yr CAGR = INSUFFICIENT
SHREECEM 2018-03: PAT 5yr CAGR = INSUFFICIENT
SHREECEM 2018-03: EPS 5yr CAGR = INSUFFICIENT
SHRIRAMFIN 2013-03: ICR < 1.5 - interest coverage risk flag
SHRIRAMFIN 2013-03: revenue 5yr CAGR = INSUFFICIENT
SHRIRAMFIN 2013-03: PAT 5yr CAGR = INSUFFICIENT
SHRIRAMFIN 2013-03: EPS 5yr CAGR = INSUFFICIENT
SHRIRAMFIN 2014-03: ICR < 1.5 - interest coverage risk flag
SHRIRAMFIN 2014-03: revenue 5yr CAGR = INSUFFICIENT
SHRIRAMFIN 2014-03: PAT 5yr CAGR = INSUFFICIENT
SHRIRAMFIN 2014-03: EPS 5yr CAGR = INSUFFICIENT
SHRIRAMFIN 2015-03: ICR < 1.5 - interest coverage risk flag
SHRIRAMFIN 2015-03: revenue 5yr CAGR = INSUFFICIENT
SHRIRAMFIN 2015-03: PAT 5yr CAGR = INSUFFICIENT
SHRIRAMFIN 2015-03: EPS 5yr CAGR = INSUFFICIENT
SHRIRAMFIN 2016-03: ICR < 1.5 - interest coverage risk flag
SHRIRAMFIN 2016-03: revenue 5yr CAGR = INSUFFICIENT
SHRIRAMFIN 2016-03: PAT 5yr CAGR = INSUFFICIENT
SHRIRAMFIN 2016-03: EPS 5yr CAGR = INSUFFICIENT
SHRIRAMFIN 2017-03: ICR < 1.5 - interest coverage risk flag
SHRIRAMFIN 2017-03: revenue 5yr CAGR = INSUFFICIENT
SHRIRAMFIN 2017-03: PAT 5yr CAGR = INSUFFICIENT
SHRIRAMFIN 2017-03: EPS 5yr CAGR = INSUFFICIENT
SHRIRAMFIN 2018-03: ICR < 1.5 - interest coverage risk flag
SHRIRAMFIN 2019-03: ICR < 1.5 - interest coverage risk flag
SHRIRAMFIN 2020-03: ICR < 1.5 - interest coverage risk flag
SHRIRAMFIN 2021-03: ICR < 1.5 - interest coverage risk flag
SHRIRAMFIN 2022-03: ICR < 1.5 - interest coverage risk flag
SHRIRAMFIN 2023-03: ICR < 1.5 - interest coverage risk flag
SHRIRAMFIN 2024-03: ICR < 1.5 - interest coverage risk flag
SHRIRAMFIN: computed ROCE 4.1% vs source 11.3% differ by >5% - data source issue
SIEMENS 2011-09: revenue 5yr CAGR = INSUFFICIENT
SIEMENS 2011-09: PAT 5yr CAGR = INSUFFICIENT
SIEMENS 2011-09: EPS 5yr CAGR = INSUFFICIENT
SIEMENS 2014-09: revenue 5yr CAGR = INSUFFICIENT
SIEMENS 2014-09: PAT 5yr CAGR = INSUFFICIENT
SIEMENS 2014-09: EPS 5yr CAGR = INSUFFICIENT
SIEMENS 2015-09: revenue 5yr CAGR = INSUFFICIENT
SIEMENS 2015-09: PAT 5yr CAGR = INSUFFICIENT
SIEMENS 2015-09: EPS 5yr CAGR = INSUFFICIENT
SIEMENS 2016-09: revenue 5yr CAGR = INSUFFICIENT
SIEMENS 2016-09: PAT 5yr CAGR = INSUFFICIENT
SIEMENS 2016-09: EPS 5yr CAGR = INSUFFICIENT
SIEMENS 2017-09: revenue 5yr CAGR = INSUFFICIENT
SIEMENS 2017-09: PAT 5yr CAGR = INSUFFICIENT
SIEMENS 2017-09: EPS 5yr CAGR = INSUFFICIENT
SIEMENS 2018-09: EPS 5yr CAGR = INSUFFICIENT
SIEMENS: computed ROCE 17.7% vs source 25.6% differ by >5% - data source issue
SUNPHARMA 2013-03: revenue 5yr CAGR = INSUFFICIENT
SUNPHARMA 2013-03: PAT 5yr CAGR = INSUFFICIENT
SUNPHARMA 2013-03: EPS 5yr CAGR = INSUFFICIENT
SUNPHARMA 2014-03: revenue 5yr CAGR = INSUFFICIENT
SUNPHARMA 2014-03: PAT 5yr CAGR = INSUFFICIENT
SUNPHARMA 2014-03: EPS 5yr CAGR = INSUFFICIENT
SUNPHARMA 2015-03: revenue 5yr CAGR = INSUFFICIENT
SUNPHARMA 2015-03: PAT 5yr CAGR = INSUFFICIENT
SUNPHARMA 2015-03: EPS 5yr CAGR = INSUFFICIENT
SUNPHARMA 2016-03: revenue 5yr CAGR = INSUFFICIENT
SUNPHARMA 2016-03: PAT 5yr CAGR = INSUFFICIENT
SUNPHARMA 2016-03: EPS 5yr CAGR = INSUFFICIENT
SUNPHARMA 2017-03: revenue 5yr CAGR = INSUFFICIENT
SUNPHARMA 2017-03: PAT 5yr CAGR = INSUFFICIENT
SUNPHARMA 2017-03: EPS 5yr CAGR = INSUFFICIENT
SUNPHARMA 2024-03: OPM mismatch (computed vs source > 1%) - formula discrepancy
TATACONSUM 2013-03: revenue 5yr CAGR = INSUFFICIENT
TATACONSUM 2013-03: PAT 5yr CAGR = INSUFFICIENT
TATACONSUM 2013-03: EPS 5yr CAGR = INSUFFICIENT
TATACONSUM 2014-03: revenue 5yr CAGR = INSUFFICIENT
TATACONSUM 2014-03: PAT 5yr CAGR = INSUFFICIENT
TATACONSUM 2014-03: EPS 5yr CAGR = INSUFFICIENT
TATACONSUM 2015-03: revenue 5yr CAGR = INSUFFICIENT
TATACONSUM 2015-03: PAT 5yr CAGR = INSUFFICIENT
TATACONSUM 2015-03: EPS 5yr CAGR = INSUFFICIENT
TATACONSUM 2016-03: revenue 5yr CAGR = INSUFFICIENT
TATACONSUM 2016-03: PAT 5yr CAGR = INSUFFICIENT
TATACONSUM 2016-03: EPS 5yr CAGR = INSUFFICIENT
TATACONSUM 2017-03: revenue 5yr CAGR = INSUFFICIENT
TATACONSUM 2017-03: PAT 5yr CAGR = INSUFFICIENT
TATACONSUM 2017-03: EPS 5yr CAGR = INSUFFICIENT
TATACONSUM 2021-03: PAT 5yr CAGR = TURNAROUND
TATACONSUM 2021-03: EPS 5yr CAGR = ZERO_BASE
TATAMOTORS 2013-03: revenue 5yr CAGR = INSUFFICIENT
TATAMOTORS 2013-03: PAT 5yr CAGR = INSUFFICIENT
TATAMOTORS 2013-03: EPS 5yr CAGR = INSUFFICIENT
TATAMOTORS 2014-03: revenue 5yr CAGR = INSUFFICIENT
TATAMOTORS 2014-03: PAT 5yr CAGR = INSUFFICIENT
TATAMOTORS 2014-03: EPS 5yr CAGR = INSUFFICIENT
TATAMOTORS 2015-03: revenue 5yr CAGR = INSUFFICIENT
TATAMOTORS 2015-03: PAT 5yr CAGR = INSUFFICIENT
TATAMOTORS 2015-03: EPS 5yr CAGR = INSUFFICIENT
TATAMOTORS 2016-03: revenue 5yr CAGR = INSUFFICIENT
TATAMOTORS 2016-03: PAT 5yr CAGR = INSUFFICIENT
TATAMOTORS 2016-03: EPS 5yr CAGR = INSUFFICIENT
TATAMOTORS 2017-03: revenue 5yr CAGR = INSUFFICIENT
TATAMOTORS 2017-03: PAT 5yr CAGR = INSUFFICIENT
TATAMOTORS 2017-03: EPS 5yr CAGR = INSUFFICIENT
TATAMOTORS 2019-03: ICR < 1.5 - interest coverage risk flag
TATAMOTORS 2019-03: PAT 5yr CAGR = DECLINE_TO_LOSS
TATAMOTORS 2019-03: EPS 5yr CAGR = DECLINE_TO_LOSS
TATAMOTORS 2020-03: PAT 5yr CAGR = DECLINE_TO_LOSS
TATAMOTORS 2020-03: EPS 5yr CAGR = DECLINE_TO_LOSS
TATAMOTORS 2021-03: PAT 5yr CAGR = DECLINE_TO_LOSS
TATAMOTORS 2021-03: EPS 5yr CAGR = DECLINE_TO_LOSS
TATAMOTORS 2022-03: PAT 5yr CAGR = DECLINE_TO_LOSS
TATAMOTORS 2022-03: EPS 5yr CAGR = DECLINE_TO_LOSS
TATAMOTORS 2024-03: PAT 5yr CAGR = TURNAROUND
TATAMOTORS 2024-03: EPS 5yr CAGR = TURNAROUND
TATAMOTORS: computed ROE 37.5% vs source 49.4% differ by >5% (source values can be stale/mis-scaled) - version difference
TATAPOWER 2013-03: revenue 5yr CAGR = INSUFFICIENT
TATAPOWER 2013-03: PAT 5yr CAGR = INSUFFICIENT
TATAPOWER 2013-03: EPS 5yr CAGR = INSUFFICIENT
TATAPOWER 2014-03: revenue 5yr CAGR = INSUFFICIENT
TATAPOWER 2014-03: PAT 5yr CAGR = INSUFFICIENT
TATAPOWER 2014-03: EPS 5yr CAGR = INSUFFICIENT
TATAPOWER 2015-03: revenue 5yr CAGR = INSUFFICIENT
TATAPOWER 2015-03: PAT 5yr CAGR = INSUFFICIENT
TATAPOWER 2015-03: EPS 5yr CAGR = INSUFFICIENT
TATAPOWER 2016-03: revenue 5yr CAGR = INSUFFICIENT
TATAPOWER 2016-03: PAT 5yr CAGR = INSUFFICIENT
TATAPOWER 2016-03: EPS 5yr CAGR = INSUFFICIENT
TATAPOWER 2017-03: revenue 5yr CAGR = INSUFFICIENT
TATAPOWER 2017-03: PAT 5yr CAGR = INSUFFICIENT
TATAPOWER 2017-03: EPS 5yr CAGR = INSUFFICIENT
TATAPOWER 2018-03: EPS 5yr CAGR = ZERO_BASE
TATAPOWER 2019-03: EPS 5yr CAGR = TURNAROUND
TATASTEEL 2013-03: ICR < 1.5 - interest coverage risk flag
TATASTEEL 2013-03: revenue 5yr CAGR = INSUFFICIENT
TATASTEEL 2013-03: PAT 5yr CAGR = INSUFFICIENT
TATASTEEL 2013-03: EPS 5yr CAGR = INSUFFICIENT
TATASTEEL 2014-03: revenue 5yr CAGR = INSUFFICIENT
TATASTEEL 2014-03: PAT 5yr CAGR = INSUFFICIENT
TATASTEEL 2014-03: EPS 5yr CAGR = INSUFFICIENT
TATASTEEL 2015-03: revenue 5yr CAGR = INSUFFICIENT
TATASTEEL 2015-03: PAT 5yr CAGR = INSUFFICIENT
TATASTEEL 2015-03: EPS 5yr CAGR = INSUFFICIENT
TATASTEEL 2016-03: revenue 5yr CAGR = INSUFFICIENT
TATASTEEL 2016-03: PAT 5yr CAGR = INSUFFICIENT
TATASTEEL 2016-03: EPS 5yr CAGR = INSUFFICIENT
TATASTEEL 2017-03: revenue 5yr CAGR = INSUFFICIENT
TATASTEEL 2017-03: PAT 5yr CAGR = INSUFFICIENT
TATASTEEL 2017-03: EPS 5yr CAGR = INSUFFICIENT
TATASTEEL 2018-03: PAT 5yr CAGR = TURNAROUND
TATASTEEL 2018-03: EPS 5yr CAGR = TURNAROUND
TATASTEEL 2020-03: PAT 5yr CAGR = TURNAROUND
TATASTEEL 2020-03: EPS 5yr CAGR = TURNAROUND
TATASTEEL 2021-03: PAT 5yr CAGR = TURNAROUND
TATASTEEL 2021-03: EPS 5yr CAGR = ZERO_BASE
TATASTEEL 2022-03: PAT 5yr CAGR = TURNAROUND
TATASTEEL 2022-03: EPS 5yr CAGR = TURNAROUND
TATASTEEL 2024-03: PAT 5yr CAGR = DECLINE_TO_LOSS
TATASTEEL 2024-03: EPS 5yr CAGR = DECLINE_TO_LOSS
TATASTEEL: computed ROE -5.3% vs source 6.55% differ by >5% (source values can be stale/mis-scaled) - version difference
TCS 2013-03: revenue 5yr CAGR = INSUFFICIENT
TCS 2013-03: PAT 5yr CAGR = INSUFFICIENT
TCS 2013-03: EPS 5yr CAGR = INSUFFICIENT
TCS 2014-03: revenue 5yr CAGR = INSUFFICIENT
TCS 2014-03: PAT 5yr CAGR = INSUFFICIENT
TCS 2014-03: EPS 5yr CAGR = INSUFFICIENT
TCS 2015-03: revenue 5yr CAGR = INSUFFICIENT
TCS 2015-03: PAT 5yr CAGR = INSUFFICIENT
TCS 2015-03: EPS 5yr CAGR = INSUFFICIENT
TCS 2016-03: revenue 5yr CAGR = INSUFFICIENT
TCS 2016-03: PAT 5yr CAGR = INSUFFICIENT
TCS 2016-03: EPS 5yr CAGR = INSUFFICIENT
TCS 2017-03: revenue 5yr CAGR = INSUFFICIENT
TCS 2017-03: PAT 5yr CAGR = INSUFFICIENT
TCS 2017-03: EPS 5yr CAGR = INSUFFICIENT
TCS: computed ROE 50.9% vs source 0.52% differ by >5% (source values can be stale/mis-scaled) - version difference
TECHM 2013-03: revenue 5yr CAGR = INSUFFICIENT
TECHM 2013-03: PAT 5yr CAGR = INSUFFICIENT
TECHM 2013-03: EPS 5yr CAGR = INSUFFICIENT
TECHM 2014-03: revenue 5yr CAGR = INSUFFICIENT
TECHM 2014-03: PAT 5yr CAGR = INSUFFICIENT
TECHM 2014-03: EPS 5yr CAGR = INSUFFICIENT
TECHM 2015-03: revenue 5yr CAGR = INSUFFICIENT
TECHM 2015-03: PAT 5yr CAGR = INSUFFICIENT
TECHM 2015-03: EPS 5yr CAGR = INSUFFICIENT
TECHM 2016-03: revenue 5yr CAGR = INSUFFICIENT
TECHM 2016-03: PAT 5yr CAGR = INSUFFICIENT
TECHM 2016-03: EPS 5yr CAGR = INSUFFICIENT
TECHM 2017-03: revenue 5yr CAGR = INSUFFICIENT
TECHM 2017-03: PAT 5yr CAGR = INSUFFICIENT
TECHM 2017-03: EPS 5yr CAGR = INSUFFICIENT
TITAN 2013-03: revenue 5yr CAGR = INSUFFICIENT
TITAN 2013-03: PAT 5yr CAGR = INSUFFICIENT
TITAN 2013-03: EPS 5yr CAGR = INSUFFICIENT
TITAN 2014-03: revenue 5yr CAGR = INSUFFICIENT
TITAN 2014-03: PAT 5yr CAGR = INSUFFICIENT
TITAN 2014-03: EPS 5yr CAGR = INSUFFICIENT
TITAN 2015-03: revenue 5yr CAGR = INSUFFICIENT
TITAN 2015-03: PAT 5yr CAGR = INSUFFICIENT
TITAN 2015-03: EPS 5yr CAGR = INSUFFICIENT
TITAN 2016-03: revenue 5yr CAGR = INSUFFICIENT
TITAN 2016-03: PAT 5yr CAGR = INSUFFICIENT
TITAN 2016-03: EPS 5yr CAGR = INSUFFICIENT
TITAN 2017-03: revenue 5yr CAGR = INSUFFICIENT
TITAN 2017-03: PAT 5yr CAGR = INSUFFICIENT
TITAN 2017-03: EPS 5yr CAGR = INSUFFICIENT
TORNTPHARM 2013-03: revenue 5yr CAGR = INSUFFICIENT
TORNTPHARM 2013-03: PAT 5yr CAGR = INSUFFICIENT
TORNTPHARM 2013-03: EPS 5yr CAGR = INSUFFICIENT
TORNTPHARM 2014-03: revenue 5yr CAGR = INSUFFICIENT
TORNTPHARM 2014-03: PAT 5yr CAGR = INSUFFICIENT
TORNTPHARM 2014-03: EPS 5yr CAGR = INSUFFICIENT
TORNTPHARM 2015-03: revenue 5yr CAGR = INSUFFICIENT
TORNTPHARM 2015-03: PAT 5yr CAGR = INSUFFICIENT
TORNTPHARM 2015-03: EPS 5yr CAGR = INSUFFICIENT
TORNTPHARM 2016-03: revenue 5yr CAGR = INSUFFICIENT
TORNTPHARM 2016-03: PAT 5yr CAGR = INSUFFICIENT
TORNTPHARM 2016-03: EPS 5yr CAGR = INSUFFICIENT
TORNTPHARM 2017-03: revenue 5yr CAGR = INSUFFICIENT
TORNTPHARM 2017-03: PAT 5yr CAGR = INSUFFICIENT
TORNTPHARM 2017-03: EPS 5yr CAGR = INSUFFICIENT
TRENT 2013-03: revenue 5yr CAGR = INSUFFICIENT
TRENT 2013-03: PAT 5yr CAGR = INSUFFICIENT
TRENT 2013-03: EPS 5yr CAGR = INSUFFICIENT
TRENT 2014-03: revenue 5yr CAGR = INSUFFICIENT
TRENT 2014-03: PAT 5yr CAGR = INSUFFICIENT
TRENT 2014-03: EPS 5yr CAGR = INSUFFICIENT
TRENT 2015-03: revenue 5yr CAGR = INSUFFICIENT
TRENT 2015-03: PAT 5yr CAGR = INSUFFICIENT
TRENT 2015-03: EPS 5yr CAGR = INSUFFICIENT
TRENT 2016-03: revenue 5yr CAGR = INSUFFICIENT
TRENT 2016-03: PAT 5yr CAGR = INSUFFICIENT
TRENT 2016-03: EPS 5yr CAGR = INSUFFICIENT
TRENT 2017-03: revenue 5yr CAGR = INSUFFICIENT
TRENT 2017-03: PAT 5yr CAGR = INSUFFICIENT
TRENT 2017-03: EPS 5yr CAGR = INSUFFICIENT
TRENT 2018-03: PAT 5yr CAGR = TURNAROUND
TRENT 2018-03: EPS 5yr CAGR = TURNAROUND
TRENT 2019-03: PAT 5yr CAGR = TURNAROUND
TRENT 2019-03: EPS 5yr CAGR = TURNAROUND
TRENT 2021-03: ICR < 1.5 - interest coverage risk flag
TRENT 2021-03: PAT 5yr CAGR = DECLINE_TO_LOSS
TRENT 2021-03: EPS 5yr CAGR = DECLINE_TO_LOSS
TRENT: computed ROE 36.3% vs source 27.2% differ by >5% (source values can be stale/mis-scaled) - version difference
TVSMOTOR 2013-03: revenue 5yr CAGR = INSUFFICIENT
TVSMOTOR 2013-03: PAT 5yr CAGR = INSUFFICIENT
TVSMOTOR 2013-03: EPS 5yr CAGR = INSUFFICIENT
TVSMOTOR 2014-03: revenue 5yr CAGR = INSUFFICIENT
TVSMOTOR 2014-03: PAT 5yr CAGR = INSUFFICIENT
TVSMOTOR 2014-03: EPS 5yr CAGR = INSUFFICIENT
TVSMOTOR 2015-03: revenue 5yr CAGR = INSUFFICIENT
TVSMOTOR 2015-03: PAT 5yr CAGR = INSUFFICIENT
TVSMOTOR 2015-03: EPS 5yr CAGR = INSUFFICIENT
TVSMOTOR 2016-03: revenue 5yr CAGR = INSUFFICIENT
TVSMOTOR 2016-03: PAT 5yr CAGR = INSUFFICIENT
TVSMOTOR 2016-03: EPS 5yr CAGR = INSUFFICIENT
TVSMOTOR 2017-03: revenue 5yr CAGR = INSUFFICIENT
TVSMOTOR 2017-03: PAT 5yr CAGR = INSUFFICIENT
TVSMOTOR 2017-03: EPS 5yr CAGR = INSUFFICIENT
INDIGO 2013-03: OPM mismatch (computed vs source > 1%) - formula discrepancy
INDIGO 2013-03: revenue 5yr CAGR = INSUFFICIENT
INDIGO 2013-03: PAT 5yr CAGR = INSUFFICIENT
INDIGO 2013-03: EPS 5yr CAGR = INSUFFICIENT
INDIGO 2014-03: OPM mismatch (computed vs source > 1%) - formula discrepancy
INDIGO 2014-03: revenue 5yr CAGR = INSUFFICIENT
INDIGO 2014-03: PAT 5yr CAGR = INSUFFICIENT
INDIGO 2014-03: EPS 5yr CAGR = INSUFFICIENT
INDIGO 2015-03: OPM mismatch (computed vs source > 1%) - formula discrepancy
INDIGO 2015-03: revenue 5yr CAGR = INSUFFICIENT
INDIGO 2015-03: PAT 5yr CAGR = INSUFFICIENT
INDIGO 2015-03: EPS 5yr CAGR = INSUFFICIENT
INDIGO 2016-03: OPM mismatch (computed vs source > 1%) - formula discrepancy
INDIGO 2016-03: revenue 5yr CAGR = INSUFFICIENT
INDIGO 2016-03: PAT 5yr CAGR = INSUFFICIENT
INDIGO 2016-03: EPS 5yr CAGR = INSUFFICIENT
INDIGO 2017-03: OPM mismatch (computed vs source > 1%) - formula discrepancy
INDIGO 2017-03: revenue 5yr CAGR = INSUFFICIENT
INDIGO 2017-03: PAT 5yr CAGR = INSUFFICIENT
INDIGO 2017-03: EPS 5yr CAGR = INSUFFICIENT
INDIGO 2018-03: OPM mismatch (computed vs source > 1%) - formula discrepancy
INDIGO 2019-03: OPM mismatch (computed vs source > 1%) - formula discrepancy
INDIGO 2020-03: OPM mismatch (computed vs source > 1%) - formula discrepancy
INDIGO 2020-03: PAT 5yr CAGR = DECLINE_TO_LOSS
INDIGO 2020-03: EPS 5yr CAGR = DECLINE_TO_LOSS
INDIGO 2021-03: OPM mismatch (computed vs source > 1%) - formula discrepancy
INDIGO 2021-03: PAT 5yr CAGR = DECLINE_TO_LOSS
INDIGO 2021-03: EPS 5yr CAGR = DECLINE_TO_LOSS
INDIGO 2022-03: OPM mismatch (computed vs source > 1%) - formula discrepancy
INDIGO 2022-03: PAT 5yr CAGR = DECLINE_TO_LOSS
INDIGO 2022-03: EPS 5yr CAGR = DECLINE_TO_LOSS
INDIGO 2023-03: OPM mismatch (computed vs source > 1%) - formula discrepancy
INDIGO 2023-03: PAT 5yr CAGR = DECLINE_TO_LOSS
INDIGO 2023-03: EPS 5yr CAGR = DECLINE_TO_LOSS
INDIGO 2024-03: OPM mismatch (computed vs source > 1%) - formula discrepancy
INDIGO: computed ROCE 4953.5% vs source 24.5% differ by >5% - data source issue
